"","Estimate","Std. Error","Pr(>|z|)"
"V300",-1.39383259102827,0.329737847068808,2.36729695624431e-05
"V467",0.792053569965075,0.229934551153405,0.00057171171637364
"V578",-0.785087984264966,0.262689702080213,0.00280211500040476
"V430",-0.776167603383446,0.261837848790768,0.00303366091360261
"V894",0.612279030654329,0.218093353287587,0.00499405169800004
"V93",0.61038089169823,0.217986646831903,0.00510893322201613
"V343",0.615785442926551,0.221245776912407,0.00538149698409597
"V956",-0.693913440130636,0.251467701680897,0.00578981187625194
"V684",0.620161725103583,0.225289609526125,0.00591004089780164
"V573",0.603494016565116,0.220561194390831,0.00621579685810687
"V194",-0.715472992091364,0.261629199782516,0.00624403277861085
"V182",-0.656511083315347,0.247808975371095,0.00806675926588318
"V332",-0.632270523955217,0.245996642684149,0.0101627946266446
"V642",0.554910672813786,0.216717260769199,0.0104513159924164
"V995",-0.621242024332313,0.244660547350203,0.0111106336570034
"V698",0.534614442307722,0.213775910733274,0.0123907169142591
"V773",-0.622926714762314,0.249476494140852,0.0125271739989006
"V461",0.529485646800537,0.21352134513346,0.0131464010300617
"V453",0.525616976947299,0.213364523755612,0.0137599637382627
"V928",-0.601077445247342,0.24762512702153,0.0152087971800557
"V746",0.505959340425478,0.212846480058832,0.0174489184070186
"V638",0.510228257227186,0.216017008417738,0.0181775312052342
"V915",-0.570805611052629,0.24240647567154,0.0185353845074805
"V682",0.507884112465565,0.215917870114068,0.018662249700796
"V527",-0.565499300343445,0.241973174933466,0.0194374670957594
"V518",0.495937409893986,0.212346693275452,0.0195168962680244
"V843",0.491974159620204,0.213928598217967,0.0214645431059347
"V944",0.479053554602285,0.213422914718444,0.0247924739559123
"V985",-0.537117127609568,0.239690564093829,0.0250340284810943
"V984",0.467924734375659,0.21098557938025,0.0265681758446287
"V706",-0.530826778192966,0.240402348279563,0.0272389401638398
"V210",0.459200364855313,0.210665153705983,0.0292749432872289
"V567",0.45771714056107,0.210844686914524,0.029940737043451
"V200",-0.527917278985625,0.243464750116469,0.0301319144576443
"V691",-0.513143805356724,0.239018423478896,0.0318028587701577
"V66",0.45108549596366,0.210376457104389,0.0320182750045399
"V714",-0.502132800096757,0.235351201020825,0.0328798974015185
"V619",0.451325244368,0.212415492794966,0.0336092766852401
"V994",-0.498170939789326,0.234633048559458,0.0337377917259934
"V60",-0.500315353961573,0.236820556581211,0.0346320360284995
"V695",0.442341584464843,0.210295626675028,0.0354284248800155
"V470",0.43897864842001,0.210999989023216,0.0374826611181614
"V545",-0.501970588330736,0.24600666691501,0.0413029840993268
"V80",0.435949364234829,0.217030135523951,0.0445685035226351
"V46",0.415874178036529,0.209228539137231,0.0468498451913702
"V483",0.420654132775396,0.21276737004367,0.0480347017905688
"V196",-0.45425006116161,0.231346744896528,0.0495877394180845
"V999",0.40646600129647,0.20895076604207,0.0517422923984919
"V875",-0.448291964868225,0.230913402626138,0.0522115182862748
"V233",-0.473274964013091,0.243813078532795,0.0522414751011987
"V228",0.40621053588716,0.209314377645206,0.0522980839929092
"V557",0.41126441023431,0.212491399221616,0.0529362921591129
"V192",0.404788512944001,0.209273971737821,0.0530822019163322
"V543",0.402634756627205,0.209898439851875,0.0550810855677887
"V862",0.40797109239936,0.214097324390391,0.0567098663971921
"V909",-0.440004077563394,0.231409925746726,0.0572489355349166
"V217",-0.444835202114058,0.235383115972688,0.0587800587523583
"V165",-0.442290634401124,0.235199096450784,0.0600406995548532
"V587",0.39207143688345,0.209612911259132,0.0614207140665825
"V500",-0.43191615174143,0.231767015915833,0.0623808441264476
"V161",0.387068231241325,0.208346998727242,0.0631966186111843
"V375",0.39071989430567,0.210586531339818,0.0635407238212491
"V454",0.386656846686069,0.208574585932613,0.0637669006850684
"V412",0.39728676467308,0.215886230047962,0.0657300946412155
"V155",0.383160582246595,0.209384214877773,0.0672588883756357
"V28",-0.419535835190389,0.229285024000488,0.0672863110325549
"V804",-0.426139417026251,0.23404322382249,0.0686414778629447
"V837",0.385284916875885,0.211792412475325,0.0688865684297976
"V42",0.379118301896733,0.208593065956149,0.0691402916348032
"V425",-0.416313263157059,0.229733912300321,0.0699623809308847
"V419",-0.414580343037797,0.229613170509411,0.0709871044002417
"V383",-0.412895979130977,0.228822230953738,0.0711623621580539
"V538",0.370014647189674,0.208373700061901,0.0757780500212979
"V964",0.369143017951951,0.208353304912499,0.0764416055380226
"V791",-0.406506295607112,0.229986542181367,0.0771408315019661
"V296",-0.404720625210183,0.231063548879432,0.0798502735713737
"V641",0.367343426960217,0.210018866034475,0.0802742056361695
"V681",0.362656139166147,0.207818855480397,0.0809746203287492
"V707",0.363246389864479,0.208218122605293,0.081063679130451
"V310",-0.420805711128285,0.242768902692818,0.0830318444798193
"V474",-0.393275385851668,0.227057177768089,0.0832638754925406
"V372",0.361569159902602,0.208876316452584,0.083448130291054
"V13",-0.38888627943953,0.226590957774722,0.0861166601988061
"V565",-0.391131075197038,0.228004574914868,0.0862622510937516
"V257",0.359214744727343,0.209839520546979,0.0869234703842235
"V327",0.358730942106357,0.209829140165962,0.0873336537795304
"V380",0.357918360145417,0.209811779870913,0.0880263049392297
"V16",-0.380900370583421,0.226226709316922,0.0922375587039095
"V414",0.350366549189913,0.20820682465128,0.0924174381062733
"V198",0.349636571941567,0.207924694867755,0.0926553852762001
"V243",-0.396354651819038,0.235828108741098,0.0928225607617587
"V55",0.347529743296038,0.207617875027721,0.094151975167353
"V203",0.345813957160546,0.207580716530855,0.0957283036488545
"V749",0.351157959547642,0.211018819177547,0.0960909864936871
"V267",0.344332650336532,0.207424549944308,0.0969067933764321
"V512",0.339529748260014,0.207723577978136,0.102148290654196
"V503",-0.375658337696127,0.23056925508237,0.103257005189287
"V803",0.339526033570901,0.208425421792357,0.103311981462589
"V252",0.339185231907746,0.208418987401427,0.103647923180377
"V20",0.336747879971488,0.207670732896736,0.104900351826483
"V285",0.340251136163301,0.210806281942287,0.106517346056789
"V589",-0.368176443092753,0.228599264558442,0.107272212211302
"V854",-0.36189335092065,0.225396195995987,0.108364538552603
"V169",0.334939092898191,0.208700661045499,0.108520662954987
"V385",0.333826965392285,0.208319971436123,0.109051227618602
"V635",-0.365670265295477,0.228434473748189,0.10942863409772
"V220",-0.361790491352829,0.226059212925163,0.109504650964126
"V572",-0.371261022399676,0.232045005974614,0.10960908783626
"V374",-0.358728700376173,0.224604610903923,0.110230840221767
"V574",0.330309887263858,0.20715437201257,0.110821669600093
"V457",0.330473837370016,0.207266434474753,0.110837580247618
"V774",-0.358307301970246,0.226760213209574,0.114080444235807
"V686",-0.354217758122756,0.224483567563243,0.114583327267743
"V50",-0.361585249925986,0.229639321275403,0.115353656226419
"V625",-0.354915416520494,0.22561441596586,0.115694250137108
"V664",-0.352405325333332,0.224367546683823,0.116261443651988
"V62",-0.35299398256101,0.224822242090094,0.116391248247558
"V313",-0.34948400051113,0.224092257566489,0.11886528899422
"V397",-0.348428535945033,0.224354580006984,0.120416880680394
"V736",-0.347407735519025,0.223881039017963,0.120721697596255
"V559",0.32034433080496,0.206877569024305,0.121508456419919
"V462",0.319893780346563,0.206971414013661,0.122202645712669
"V426",-0.350969392632638,0.228949250350347,0.125286410610288
"V347",0.317872577138533,0.207534205258478,0.125605482039107
"V450",-0.350168807447105,0.2288976108526,0.126064897742965
"V487",-0.343724027037385,0.22489946902332,0.126426849644365
"V504",-0.342049115153817,0.224126301528761,0.126973889767753
"V602",0.315362271039194,0.208009714005163,0.129495595356183
"V829",0.313444294010454,0.206760725567424,0.129525425672165
"V770",-0.345277329996454,0.228583330177339,0.130913424520071
"V34",-0.336474983650389,0.223776110710721,0.132678377224152
"V298",-0.338336054627727,0.225483135159833,0.133486528779628
"V541",0.315579091426207,0.210387568196807,0.133617186206733
"V108",0.310075028232804,0.207394170335448,0.134888340653939
"V513",0.308968429152017,0.207202500761082,0.135924118918872
"V105",0.310045880047212,0.208953503809283,0.137861134829052
"V780",-0.334112054823026,0.225217621985278,0.137939597610571
"V289",-0.334698963174682,0.227910935956003,0.141954458511428
"V907",0.306140903489564,0.208897761778516,0.142782942404979
"V820",0.303753321507063,0.207839210149126,0.143883136601416
"V288",-0.326199854849966,0.223802879101581,0.1449695886401
"V954",0.311617999557203,0.214100493279365,0.145537697722982
"V291",0.300320136651621,0.20666848706827,0.146182346621019
"V440",0.300085943388134,0.206665185609974,0.146490715817173
"V149",-0.323016323373844,0.222529316538896,0.146621901338858
"V190",-0.324965436460674,0.224648240365087,0.148022344449254
"V762",-0.324152744034115,0.224598019481905,0.148947987397876
"V444",-0.325817551032819,0.225888571686939,0.149194712262181
"V856",0.301253448091339,0.210183931613426,0.15177644539139
"V116",0.309848742110934,0.216553677841991,0.152482592221398
"V630",-0.319205679524225,0.223373113745293,0.152997156598296
"V11",-0.316913640461315,0.221993330222962,0.153412261940439
"V222",-0.318826927602999,0.223349970592835,0.153442473807077
"V885",0.294516954855972,0.20658892791608,0.153978552865978
"V866",0.293367010701032,0.206986924005201,0.156388961749377
"V688",-0.316872255395087,0.224150823119836,0.157462800010194
"V351",-0.316013020086225,0.224098367699604,0.158494464844506
"V799",0.291505451348815,0.206963475722772,0.158986790311065
"V560",-0.311773834332281,0.221847859099215,0.159917299989686
"V402",0.288619683734263,0.20764538109474,0.164539693550558
"V238",-0.310623871415406,0.223770924126381,0.165096458085674
"V517",-0.306662131259615,0.221463038597454,0.166141095057317
"V350",-0.310642573890856,0.224956771529896,0.167310026989453
"V61",0.284764391131472,0.206345653728171,0.167575619701065
"V580",0.283943778819932,0.206456020267062,0.169031230462767
"V808",-0.303596769226059,0.221359882392826,0.170216764468294
"V176",0.28695319964969,0.210009560211035,0.171819219844195
"V38",0.286304212556098,0.210002331164207,0.172775929586398
"V509",0.281886626886733,0.207569481953329,0.174452570190743
"V359",-0.29979404497906,0.222204299268411,0.177278508998119
"V491",-0.297286389052676,0.220826498193611,0.178223779690977
"V525",-0.299022334704046,0.222158567416637,0.178307012502184
"V293",-0.297417716665785,0.220995459060769,0.17836406538662
"V109",0.279262103553404,0.207541619390034,0.178440724069325
"V2",-0.309262536613885,0.23016037307219,0.179050978687253
"V697",0.277246748866388,0.206799937724765,0.180033467676983
"V916",-0.294881217240892,0.220686147787188,0.181483338699263
"V793",0.285184492098271,0.213758684428573,0.182157241712714
"V94",-0.300796626078976,0.225824195408171,0.182861937886347
"V827",0.276058882506013,0.207508921939048,0.183403951287486
"V360",0.277163474323006,0.208551257497732,0.183849784209504
"V833",-0.294706603067153,0.221903858996062,0.184150896802182
"V410",0.271187517153549,0.206316357527084,0.18870299551695
"V284",-0.289588285605526,0.220539078067726,0.189151664321521
"V623",-0.297572702021079,0.227384838094111,0.190644688615511
"V905",-0.294717008842579,0.225461176150902,0.191153591428397
"V15",-0.29222816995583,0.223854633318729,0.191744011820233
"V49",-0.286840153923768,0.220786878441863,0.193884871820275
"V295",-0.291720611703632,0.225283529697456,0.195353244377447
"V687",0.267090127760074,0.206276292792619,0.195383237030691
"V520",-0.285974656355006,0.221393951048954,0.196460916979028
"V124",0.266601897351166,0.206696357432203,0.197111815329857
"V836",0.266326809139883,0.206693890179487,0.197569054419879
"V588",0.265196294810238,0.20625856207735,0.198531427701281
"V980",-0.281114623231748,0.220051964097585,0.201428603786973
"V223",0.263843455095999,0.206672094544733,0.20173348800577
"V286",-0.282727196433362,0.22211939407805,0.203067238970079
"V814",0.263127207477466,0.207391534066617,0.204531621833557
"V902",0.264056195467576,0.208433323427952,0.205204743837254
"V945",-0.278137383976206,0.219725219635468,0.205569699719855
"V723",0.261464238827902,0.206652019025807,0.205785588026201
"V958",-0.282345922751431,0.223276274139094,0.206029617609316
"V783",-0.282208700975002,0.223268308328235,0.206233950728729
"V771",-0.279182825958204,0.221002403686798,0.206496846346258
"V973",-0.278948608799394,0.220988980602627,0.206850267107194
"V779",-0.287833988984947,0.228871100491851,0.208527453156312
"V471",-0.279530474403515,0.223113194187899,0.210255228976652
"V130",0.258110634178504,0.206061835125761,0.210355591930827
"V983",-0.279233813819356,0.223096054591307,0.210704555976217
"V299",0.260842893002111,0.208408092146545,0.210716835600355
"V335",0.258456050614806,0.20662776509591,0.210996784036278
"V617",0.25789002883958,0.206217443316085,0.211090196511093
"V84",-0.279922922517536,0.224592301310956,0.21263215829041
"V821",-0.279502168456797,0.224567892611145,0.213270682427989
"V331",0.257960960079673,0.207351178748534,0.213470998485949
"V204",0.25884814578009,0.20839315749776,0.21419434922519
"V447",-0.278204923004057,0.224492743063295,0.215249150667798
"V963",0.25461445670683,0.206168645820661,0.216837401574387
"V593",-0.271486733536395,0.219910272508478,0.217003942757106
"V219",0.254212175736258,0.206183543532921,0.21759772047391
"V206",0.257618235320919,0.209742056638682,0.219348564159313
"V622",0.253265429579799,0.206588877334512,0.220221507416301
"V101",0.253941033595095,0.207322358050773,0.220627664492684
"V967",-0.27280515168796,0.222726702948407,0.2206345345914
"V671",-0.268552116790366,0.219745360092296,0.221667555196027
"V586",-0.271723400734356,0.222664941226906,0.222342025856053
"V498",0.251858653640219,0.206578983549365,0.222772779626893
"V699",-0.275203809290144,0.226068732168744,0.223472696162017
"V231",-0.277535061483247,0.228266902180222,0.224047495159994
"V769",0.251515435400981,0.207306059469402,0.225031747822185
"V883",-0.266398925944322,0.219624902692824,0.225140406677358
"V328",-0.2666837571936,0.220293527083833,0.226054987312655
"V607",0.250383927580605,0.20729873730305,0.227108402552275
"V154",0.249245837495526,0.206586353878339,0.227625875395816
"V72",0.252660853630415,0.20970880109871,0.228273725553619
"V946",0.249546285949864,0.207293431871199,0.228654855716967
"V39",0.247740583793134,0.205977899214746,0.229071828100155
"V463",-0.267333031824206,0.222415431797711,0.229381500806141
"V23",-0.267059668239301,0.222399957673165,0.229825653238626
"V748",0.246377993357418,0.206543062482428,0.232922242580541
"V755",-0.260261067706248,0.218883718830099,0.234424698768598
"V832",-0.263819151155463,0.22221707381496,0.235143344095985
"V872",-0.259501163485124,0.219125479680772,0.236310838589276
"V65",0.245420495320646,0.207268728188387,0.236385712832026
"V287",-0.260240161800656,0.219934050840495,0.236704324651583
"V104",-0.262594855921507,0.222148243225351,0.237177780308543
"V652",-0.258591583030884,0.218792087141839,0.23724317786071
"V170",-0.257287414344198,0.218720703142336,0.239463598931806
"V606",0.24853850066539,0.211383063430813,0.239685594612071
"V676",-0.264633616639204,0.225463408754103,0.240502390409243
"V472",-0.256641866259905,0.218685432872399,0.24056876430559
"V521",-0.254642199590175,0.218425011527957,0.243691019730974
"V805",0.240712390156608,0.206510315781625,0.243768439402692
"V308",-0.25833266613039,0.221909755363038,0.244369757551876
"V603",-0.254922836973904,0.220547322791003,0.247736555644109
"V156",-0.253782087538211,0.220484431960116,0.249723827298198
"V826",0.238185660378187,0.207231135816994,0.250402629898557
"V986",-0.251303338826765,0.21868567683712,0.250492827036844
"V17",-0.252147633049369,0.219488385908657,0.250639633231786
"V775",-0.254392392206036,0.221690853730999,0.251171050442959
"V160",0.236637420553367,0.206489517051923,0.251794282378356
"V146",0.234661854608203,0.206034461159594,0.25472622599899
"V256",0.234763151125171,0.207215891133089,0.257239492461736
"V989",0.234618896922038,0.207215284372219,0.257530579391604
"V107",0.232937049353054,0.206472624807432,0.259246437267495
"V271",-0.247195565575779,0.219218876178199,0.259480481964265
"V901",0.232825351402555,0.207207981977404,0.261169518594643
"V663",0.23078722553535,0.20646368204997,0.263648031517244
"V334",-0.244742063888593,0.219086253966303,0.263949990706853
"V278",-0.245759565592693,0.221216572967234,0.266591790734228
"V816",-0.242863347872224,0.21988896576299,0.269384219520071
"V670",0.229696748946386,0.208238413519279,0.270006772590964
"V235",0.229674398066123,0.208238340381657,0.270053215929904
"V971",0.226366703646101,0.206004513755906,0.271836371077762
"V10",-0.244477373070641,0.222595788896646,0.272072691961461
"V89",0.227384167553669,0.207188563119393,0.272434015940692
"V27",0.22570740269487,0.205983649017116,0.273186453924749
"V767",-0.238755505967759,0.21811962763831,0.273688375915603
"V7",0.225417576907106,0.206000911729306,0.273843050687695
"V396",0.227691337975817,0.208232128166353,0.274196444684595
"V417",-0.237219291070049,0.217497789841456,0.275416139280191
"V242",-0.242361674608919,0.222480494170768,0.27599452246256
"V205",-0.237721559738622,0.218710099184548,0.277069784580715
"V416",0.223798151648157,0.207178012026303,0.280043537715352
"V348",0.224754646091152,0.208223933916157,0.280414304835982
"V183",0.224070712682072,0.208222197762823,0.281876510194258
"V722",0.22371500860009,0.208221320524918,0.282639092434544
"V12",0.224470492362933,0.209585118085443,0.284159065703643
"V227",0.221642939371623,0.207172528788247,0.284688115401023
"V511",0.225133053539993,0.211286165931898,0.286633363403407
"V53",-0.232372743338492,0.21842684411084,0.287398014773532
"V324",0.221445556013511,0.208216137684655,0.287538517862592
"V415",-0.227364967214112,0.217443603261525,0.295733141106797
"V974",0.214933853381568,0.205809783191377,0.296331563420379
"V713",-0.226840385845337,0.217494695281389,0.29696230761809
"V552",-0.225177834817603,0.217018224791779,0.299456908600287
"V701",-0.231836338587396,0.223654586264518,0.299930663439001
"V172",0.213593911767864,0.206415157314439,0.300772490528158
"V835",-0.225526477463082,0.218068519426263,0.301042642707953
"V631",0.2141818900027,0.207158515814606,0.30118133404239
"V823",-0.227436512979171,0.220234361557142,0.301743276704144
"V968",-0.223722576456714,0.217333577016378,0.303293062586746
"V201",0.214302608485967,0.208204493772582,0.303343860764862
"V877",-0.222585634791156,0.217203222897157,0.30546675324421
"V260",-0.222162110070178,0.216863823007586,0.305631556593496
"V918",-0.223259890013686,0.21884970060851,0.307656529375334
"V484",0.209800819747642,0.205959445146829,0.308368625300996
"V715",0.211301434920968,0.208201713072953,0.31015918526082
"V880",-0.221805564016481,0.218774143515697,0.310651281784211
"V969",0.216106229622106,0.213329822939363,0.311053177499986
"V937",0.214484383491553,0.213327783498616,0.314693833472139
"V18",0.208672261585225,0.208200302490217,0.316214728026035
"V166",-0.216208582339432,0.216561812872874,0.318100500821455
"V268",0.205897466059858,0.207151975617901,0.320250124937527
"V294",0.204051618199983,0.205952616266925,0.321798032755442
"V683",0.207575223333398,0.209564111103481,0.321925193691186
"V514",-0.214799404505875,0.216878014576709,0.321970943415666
"V197",-0.214742049275649,0.216875113115082,0.322093695599964
"V600",0.206068890826818,0.208199848602177,0.322289071753361
"V516",0.205004545152686,0.207151836374896,0.322352939627263
"V892",-0.215773683460753,0.21834514235386,0.32304346460063
"V857",-0.213717183569963,0.216436537906798,0.323429046700355
"V239",-0.21281771583706,0.217416051658715,0.327654069282805
"V717",0.201190982645337,0.205783211127796,0.32823056624675
"V323",-0.213028545363229,0.219485686446108,0.331757179275687
"V948",-0.211487766238971,0.218244282997945,0.3325244862034
"V790",-0.215079982969243,0.222771820850152,0.334308391926682
"V480",0.198767005941307,0.205950334919067,0.334484178743883
"V932",-0.208255526396487,0.216497817046312,0.336085275273317
"V4",-0.213033052983073,0.22266593642234,0.338699308185616
"V919",0.197384676331163,0.206406730410711,0.338925779603612
"V727",0.198858508076259,0.208203482769613,0.33951896465488
"V265",0.19771252952059,0.207154812337343,0.339871493094982
"V700",-0.206583866008688,0.216465908920838,0.339907381223781
"V725",0.196345162364651,0.205779994279263,0.340007275048477
"V647",0.201134210965912,0.211266189171128,0.341075860262681
"V853",-0.205071344287591,0.216390808510338,0.343287436876242
"V599",0.200207898432283,0.21126702207288,0.343305963670477
"V841",-0.210764965637329,0.222549112079021,0.343613692654955
"V212",-0.205515986472856,0.217048707110595,0.343707193394726
"V818",-0.210545468299278,0.222537834189893,0.344092030057995
"V64",0.197765882348114,0.20957008957469,0.345336172490366
"V575",0.195593013405236,0.208207489959993,0.347518271123942
"V597",0.193226756811127,0.205779617608281,0.347731503133423
"V741",0.193162173147826,0.20589115575884,0.348153889611013
"V51",0.19342651011289,0.206288873121228,0.348424934425288
"V276",-0.202897640903275,0.216918327661577,0.349600633097056
"V785",-0.205720417565763,0.220554777038796,0.350953864308944
"V943",0.191602413906539,0.205953343821332,0.352205679222653
"V363",0.191797856814139,0.206412188380679,0.352786322592257
"V99",0.191102982037326,0.206413166297796,0.354535642621819
"V191",-0.199428986583043,0.216112775030499,0.356111156762136
"V78",0.189002387983413,0.205781220226319,0.35837664547212
"V742",-0.198167731254854,0.216015142407751,0.358944131498811
"V427",-0.199650205636846,0.21764983181714,0.358985421494985
"V106",0.192175991815767,0.209579448741051,0.359163549834256
"V544",0.188172808277523,0.206418017064036,0.361973852907814
"V876",-0.198783563092878,0.218766290927583,0.363531108513338
"V458",-0.196225041465084,0.216589301525907,0.364947743268035
"V248",-0.194811304095073,0.215507380545067,0.36601353036173
"V31",0.186636285945842,0.207173324070751,0.367657306335841
"V692",-0.195866162093299,0.217462865560511,0.367754307452536
"V949",0.184538521810362,0.205785552767652,0.369851484649787
"V581",-0.193140331630116,0.215427096784132,0.369961150246908
"V48",0.184490274618561,0.205963263929353,0.370389720766429
"V584",0.186397956388035,0.208226664789644,0.37069700736914
"V537",0.185390774885075,0.207176458781518,0.370870063069797
"V704",-0.19143094540431,0.215214824412713,0.37374101517451
"V981",-0.191253023347647,0.215206395917468,0.374166581017942
"V632",0.18302963489497,0.205966154910004,0.374196923234595
"V247",0.185785718098739,0.209595428830638,0.3754011711388
"V193",0.182665892098371,0.206957931298644,0.377439835814073
"V645",-0.190939653569304,0.216331990228731,0.377439839181694
"V961",0.181182580279096,0.206434330028276,0.380119248353673
"V120",0.180921760326291,0.206435067847448,0.380807177314102
"V702",0.180763047643401,0.206435521364139,0.381226173972991
"V75",-0.192097768107289,0.219873702750134,0.382296233433143
"V407",0.179625585601965,0.205974019934045,0.383165365585038
"V906",-0.188694094648188,0.217112595770633,0.384788563287232
"V381",-0.190497434872641,0.219756198434747,0.386019777936053
"V85",0.178285587174613,0.205796175526215,0.386314050384406
"V113",-0.186796272466155,0.216132333053253,0.387440651067273
"V819",0.179890421872602,0.208247257471417,0.387680774676366
"V30",0.177402247587905,0.20598000820025,0.38909511290116
"V940",0.183302154255879,0.213359635181522,0.390272699535958
"V254",0.177096167742416,0.206446956043251,0.39098694232903
"V639",0.176514524145616,0.205899547231263,0.391287582020604
"V486",-0.187852642258326,0.219665400352837,0.392453559718976
"V648",0.17793794657262,0.208254568650206,0.392869451113385
"V874",0.183751344486654,0.215802220554291,0.394502589212464
"V801",-0.185635616901705,0.218120918807043,0.394731878600428
"V118",0.177113581725436,0.208257812332554,0.395073012358829
"V529",0.175276517345202,0.206453310788332,0.395887608654293
"V750",-0.189581719993192,0.22353380420062,0.396375553806285
"V68",-0.183750990078047,0.216874321739685,0.396844943575737
"V443",-0.185815854384208,0.219566126391251,0.397392922452495
"V411",-0.181718764808396,0.214759829210665,0.397469758197289
"V933",0.173903153351412,0.20580678344651,0.398120547619743
"V19",-0.18151861699019,0.214872248299118,0.398236700371427
"V144",0.173247311961963,0.206460929163126,0.401397035676851
"V83",-0.185629010203119,0.221289978890524,0.401553713355203
"V241",-0.185549942304418,0.221286122065878,0.401746068831814
"V145",0.172886247180378,0.206462343467618,0.402382242849124
"V216",0.174263873923513,0.208269741882197,0.402748852781932
"V438",-0.179206214556211,0.215144017489401,0.404867672268134
"V429",0.177491856563575,0.213380445096149,0.40551654633116
"V705",-0.180085092787335,0.216699275221967,0.405952787077636
"V506",0.171324386299785,0.206468665636019,0.40666094312211
"V535",0.169742098886007,0.205819264453599,0.409533788325154
"V926",-0.178584702629511,0.216628041129832,0.409721372806455
"V585",0.172582533345384,0.209646237156791,0.410389520284928
"V43",-0.177367968566618,0.215684789121721,0.410878829528651
"V485",-0.17794124061379,0.216597564467842,0.411344854608187
"V895",-0.178440646339726,0.217775405581983,0.412570075509166
"V886",-0.180504454414258,0.221041371653223,0.414151700814104
"V153",0.172414252297205,0.211347160019703,0.414622005832895
"V996",0.168870323215665,0.20723810825387,0.415151682887186
"V346",0.167265452740404,0.205827805845762,0.416420187100852
"V482",-0.175107781411921,0.215578908548049,0.416638047694665
"V290",-0.174378977964999,0.214919245258143,0.417153355656065
"V26",0.166812853126004,0.20648879002077,0.419174472554296
"V781",0.168077854504647,0.208299458850194,0.419721274192406
"V735",-0.17627395947254,0.219106852203001,0.421101690692999
"V889",0.165261045553239,0.205926485074277,0.422249633061485
"V868",-0.172055203041609,0.214440008545037,0.422352516887423
"V870",-0.178541477542114,0.222995800121516,0.423334581270663
"V459",-0.171641423940231,0.214421122431348,0.423428414604385
"V114",0.174689593220879,0.218699458403117,0.424426369618146
"V680",-0.171982365949544,0.215433395677996,0.424691338501876
"V91",0.16524310271801,0.207256628056011,0.425284123474887
"V466",0.169863920980497,0.213414824690878,0.426070926597595
"V674",-0.1719495607133,0.216315886752625,0.42667150662906
"V424",0.164644657323078,0.207259855592032,0.426969826159736
"V448",-0.170051649245591,0.214348735073204,0.427579149798566
"V460",-0.175152564305256,0.220784698884196,0.427592338566346
"V659",0.163093796891017,0.205933637981159,0.428376658039092
"V881",0.166991650980337,0.211375189360295,0.429513259439737
"V998",-0.174150963650242,0.220737000454791,0.430139887685838
"V873",-0.169012348489879,0.214685586150527,0.431132477393871
"V137",-0.168327474840696,0.214149585002486,0.43185134380685
"V703",-0.167622706666976,0.21460888022477,0.434766398935962
"V536",-0.167171298346699,0.214588320199515,0.435960507686489
"V401",-0.168138293210553,0.216138702692534,0.436617067201854
"V127",-0.166518338834962,0.214188846939905,0.436900978398617
"V98",0.160086728950338,0.206312989434028,0.43778376103386
"V990",-0.168498780028252,0.217306981692872,0.4381061991412
"V449",0.159379376187476,0.205947371058742,0.438999389626134
"V753",0.158780424985108,0.205949759701504,0.440726616937262
"V677",0.159620262566232,0.207288872343761,0.441277483776886
"V262",0.159575535994787,0.207289146037511,0.441406085781583
"V497",-0.164768803423388,0.214110186308688,0.441566016308014
"V387",-0.163687902977095,0.21443040982775,0.445247879290033
"V510",0.156859244466896,0.206067066058272,0.446534738198479
"V539",-0.162874928913184,0.214393746141693,0.447433928845901
"V325",-0.16452882987428,0.217122869854565,0.4485896975631
"V508",-0.166306464665952,0.22036712726693,0.450441551394824
"V141",-0.161641134981236,0.214959412880366,0.452074400936046
"V900",-0.16071308842794,0.213929137228755,0.45250552161135
"V303",0.155946226926336,0.208372885311527,0.454219039569462
"V987",0.154292591508047,0.206559098536285,0.455084178251298
"V452",-0.159582277170096,0.214245991607203,0.456359158286075
"V338",-0.15933092505587,0.214234761133039,0.457045185332129
"V839",-0.162313689042162,0.218452288897288,0.457471596862033
"V571",0.152584401009812,0.205895449714807,0.458646698859682
"V795",0.1521713025505,0.206340771294121,0.460833121791664
"V917",0.152847394973905,0.20733340546769,0.460997189472174
"V732",-0.160763647223213,0.218380895186358,0.461632308141045
"V914",-0.157611649421703,0.214158129014533,0.461755516212283
"V258",0.151842550112123,0.206575337729004,0.462310965475382
"V171",0.150870105639909,0.205985839385355,0.463906457721228
"V393",0.151071425185704,0.206580616495285,0.464598826469922
"V357",-0.15940340436122,0.218318456068264,0.465303586294465
"V451",0.150228315577977,0.205989135954873,0.465816869736873
"V972",0.149901386031822,0.205910951552114,0.466618897932178
"V340",0.151531250430374,0.208404570675768,0.467163854927264
"V189",-0.157332366291345,0.216793427547292,0.468007496869283
"V240",-0.155287810667222,0.214055065284894,0.468171528742658
"V67",0.148946449812537,0.206595578160741,0.470936204872722
"V21",-0.155799759099824,0.216723986699811,0.472211392909958
"V492",0.147737209003789,0.206002456140173,0.47327391715111
"V903",0.14759591853721,0.206124982918871,0.473960102802391
"V35",-0.155158372679752,0.216695001351412,0.473977808995773
"V428",-0.154933404769515,0.218114673048929,0.477499494607391
"V797",-0.152290683980052,0.214540805734517,0.47780035921389
"V562",0.150100424335861,0.211488271136941,0.477869081219279
"V794",0.149708817966086,0.211491354161284,0.479024719450444
"V528",0.14831285940986,0.209801824433926,0.479616924042208
"V950",-0.155027623767081,0.219846897935866,0.480709580567878
"V302",0.145145920941802,0.206142232732635,0.481366951084735
"V88",0.144344957226228,0.205946132676863,0.483373567878316
"V301",0.147899775454878,0.211505866955911,0.48438311115203
"V418",0.144906368501686,0.207393521337737,0.484737981333169
"V316",-0.152293004484553,0.21799531324372,0.484797803577996
"V281",-0.149203199489589,0.213788022554531,0.485238158908011
"V3",-0.152907664135482,0.219750651331001,0.48653937947877
"V690",0.14365618268318,0.206635468941879,0.486920254522143
"V70",0.143551585097929,0.206636295624765,0.487239231305734
"V305",0.142772042974044,0.206031491698266,0.488333251603235
"V362",-0.14761663848012,0.213356968719335,0.489014990597334
"V270",0.147548002036952,0.213561225769053,0.489632649850194
"V591",-0.147471964263972,0.213712788074604,0.490164348800437
"V959",0.14191485907759,0.206036839280525,0.490959264586697
"V121",-0.146140870268613,0.213655168013201,0.493972992468059
"V786",-0.145874399261956,0.213282294322729,0.494006816180306
"V245",-0.147796895089921,0.21636551089882,0.494550621530683
"V478",0.140475172903082,0.206177352313586,0.495661607955223
"V806",-0.145070354061564,0.213137485069544,0.496097955427831
"V828",0.140386239248837,0.206662008500437,0.496945537686927
"V297",0.140025435831375,0.206180888436086,0.497049936523032
"V186",0.139868129331776,0.205977492923096,0.497108910857354
"V930",0.140524993984671,0.207430330596742,0.49811645800678
"V87",-0.144964732375581,0.216240314222548,0.502611011042451
"V553",0.138887731458737,0.208509903266524,0.505349376534067
"V279",0.137424746467378,0.20668728387834,0.506119495832737
"V477",-0.143626066981177,0.216181442319803,0.506448786703766
"V162",0.1391861437822,0.209881042441314,0.507223718343349
"V716",-0.145389301642537,0.219413259625884,0.50756903067655
"V766",-0.144115200568055,0.21763043389356,0.507842090673279
"V844",-0.139889717389763,0.2129203780178,0.511177808901764
"V890",0.136453554634558,0.208532658151691,0.512885691677206
"V912",0.135702881039915,0.20747382789618,0.513065235128258
"V110",0.135076995415191,0.206708157166842,0.513455144776564
"V825",-0.140200450684431,0.214887680563133,0.514119971153464
"V283",0.134828054592947,0.206710413758603,0.514236205005655
"V79",0.135293394171414,0.208543784020382,0.516498076165112
"V339",-0.139744539202341,0.216011847201068,0.517677263988929
"V168",-0.138930365260099,0.214832827433829,0.517832222511465
"V488",-0.138905033182954,0.214831735181476,0.517906427641531
"V117",0.134550090635551,0.208551007393786,0.518819395097671
"V441",-0.138428611815173,0.214811206289539,0.519303196514775
"V897",0.135264832542209,0.209918535584456,0.519336689198525
"V979",-0.138484335374018,0.215957139980075,0.521354796244557
"V406",-0.13832496024692,0.215950233687656,0.521820998258694
"V489",0.13205992317397,0.2067360654602,0.522962727122375
"V896",0.132329745597259,0.208573026737987,0.52578534594078
"V754",0.13194461407478,0.208576913512014,0.526998461627247
"V224",0.130293544429356,0.206053571301738,0.527172248113307
"V615",-0.135415330398496,0.214681943341459,0.528189700182699
"V673",-0.136722548283583,0.217306868703734,0.529239014933993
"V394",-0.137444505915004,0.219063455554933,0.530384820769186
"V929",-0.133282613184807,0.212793500667116,0.531087234013328
"V564",0.129208482828055,0.206763561164092,0.532030554676487
"V966",0.129215939187208,0.207537265295029,0.533537156552097
"V911",-0.133445549247402,0.214597985269387,0.534047271088778
"V614",0.128150550174687,0.206476650575713,0.534827330034727
"V869",0.129436852374985,0.208602708846921,0.534932214440973
"V140",0.128239155667497,0.206773155655399,0.53513107354825
"V391",-0.138554247765082,0.223547557652167,0.535391025265216
"V711",-0.13318300984406,0.215728912489609,0.536995439602895
"V63",-0.131015240482659,0.212555604807403,0.53764307713987
"V752",-0.13338227693113,0.21716263863585,0.539080178655438
"V102",0.127019683515381,0.207560019965112,0.540560226312462
"V269",0.126117592259704,0.206090588893323,0.540569373889008
"V292",0.126192006753333,0.206491140414711,0.541116482294269
"V637",-0.130273182787154,0.213592963212004,0.541919261132794
"V505",0.126198521698787,0.207568693405089,0.543197839033007
"V656",-0.128573674134743,0.212913194357028,0.545924506106832
"V650",-0.128774171651923,0.213530382706368,0.546460865029018
"V763",0.124042134307607,0.2061098517129,0.54729039689904
"V626",0.124925033940602,0.207582322709734,0.547300886260088
"V330",0.124368838895271,0.206812714765106,0.547600412473673
"V609",0.123283068617756,0.206331783995827,0.550174164419053
"V651",0.123133552109452,0.206333300106458,0.55066085736226
"V36",-0.126983704808288,0.212847744561738,0.550778423218311
"V540",0.12356949409317,0.20759706812455,0.551684938604335
"V115",0.122775326347986,0.207605820926409,0.554261333559767
"V860",0.121897201707584,0.206130362185391,0.554279395726696
"V620",0.12946576818241,0.219004747887746,0.55441652065885
"V263",0.123306638183223,0.208669313599571,0.554574771609875
"V643",0.122350286773457,0.207610540004997,0.555642614235016
"V81",0.121239038628253,0.207622991675104,0.559261753303907
"V855",0.121772362159421,0.208686770124929,0.559545045040399
"V103",0.120314978632657,0.206537698397557,0.56020787153797
"V142",-0.124640017790843,0.214227919265134,0.560694440861254
"V653",-0.123955372722776,0.213330907531217,0.561208496626341
"V322",-0.123449606919067,0.212806633272285,0.561845666090561
"V349",0.119352460165582,0.206545763168726,0.563365424497068
"V726",0.121173903909598,0.210070338959869,0.56405742011959
"V724",-0.123448484924613,0.214178505106013,0.564357482179036
"V610",-0.122161144149047,0.212200699384158,0.564826890919659
"V273",-0.125493622557831,0.218550396332029,0.565826323936357
"V45",-0.121814122902228,0.212286044936252,0.566089152332783
"V590",-0.122006808256448,0.212644716365569,0.566130933702398
"V361",0.118253554752892,0.206223258180349,0.566357023176331
"V947",0.119656514517351,0.208711359363881,0.566434150535892
"V719",-0.12186490612344,0.212638968600235,0.566572169124121
"V689",0.11875620921481,0.207651406704346,0.567388517738633
"V464",-0.121226801735121,0.212163776081362,0.567739964349204
"V207",0.116910510069921,0.20639903990074,0.571101828834671
"V379",-0.120545365522979,0.215197375973592,0.57536902943772
"V174",-0.121118244430603,0.216643673781303,0.576116261003776
"V76",-0.122929474651021,0.220486398954986,0.577160124363369
"V888",0.115065240986613,0.206915971657765,0.578144909583931
"V264",-0.118379261717335,0.216530057268488,0.584577620825404
"V812",-0.11588172885842,0.212398694733553,0.585350632239
"V566",-0.116581563618171,0.213896816866719,0.585728442653818
"V403",-0.116706296752613,0.216461073358709,0.58977918502509
"V321",-0.114797161237693,0.212958979228535,0.589847094513351
"V399",0.113084927565852,0.210169500176397,0.590531926841429
"V52",-0.115584883789078,0.214993597466287,0.590839336492246
"V577",-0.114586049334431,0.213815949482488,0.592020934414021
"V861",0.110436618889243,0.206971625705518,0.593629811906815
"V311",0.110003814194582,0.206976974845962,0.595087229316431
"V312",0.110591969603955,0.20882345590951,0.596392391588332
"V668",-0.114562238002723,0.216373122789553,0.596482140408852
"V24",0.111088410150576,0.210195318297081,0.597151738241695
"V314",-0.112452872174828,0.212865293541642,0.597303723456261
"V9",-0.112077750591238,0.212248048100186,0.597464080984875
"V935",-0.115469953034709,0.220175893347275,0.599969675207326
"V229",0.110223018393645,0.210206674070681,0.600031325665015
"V112",-0.111585061955153,0.21369517868644,0.601552458836743
"V57",-0.110805871093751,0.213663987051751,0.604040598936999
"V47",-0.109704292865135,0.212154889039382,0.605089644684502
"V136",0.106563635818403,0.206294786570279,0.605463341628066
"V100",0.110495680551159,0.213953779689033,0.605542596281552
"V743",0.106876867584469,0.207016358064576,0.60566405009583
"V810",0.108604082505044,0.211930221081735,0.60833465014991
"V92",0.106792883575607,0.208873685244652,0.60915518919336
"V148",0.105428087807105,0.20630820211598,0.609335455893083
"V344",0.105005793321306,0.206313234645747,0.610778191525271
"V307",-0.112810119170734,0.222457688368095,0.612078897833827
"V77",-0.107310058387976,0.212661949407046,0.613837039237899
"V1000",0.10402044588251,0.206690875974393,0.614777418865131
"V274",-0.106867934255359,0.212644608175265,0.61526949131369
"V636",-0.106711038171924,0.212638459654435,0.615778242143073
"V669",-0.107185156975433,0.214654829397738,0.617541801702185
"V259",-0.106347379105226,0.213486828398208,0.618381901196566
"V776",0.103139764779071,0.207065121256253,0.618411423415721
"V502",0.102396385235012,0.206344853725073,0.619725725102137
"V991",0.102876222410723,0.208927471556967,0.622435464598925
"V807",-0.104977427767171,0.214567109939785,0.624663166825488
"V953",-0.107463554210732,0.219849648160055,0.624979928698057
"V22",0.101075362354221,0.207092848660881,0.625501779273085
"V952",-0.104062850735222,0.213396924048169,0.625798302006602
"V988",0.100714348640999,0.206594202343005,0.625905157388673
"V309",-0.102768053702183,0.212035552665525,0.627907832438512
"V218",0.100576478326663,0.207884404996161,0.628520975755502
"V730",0.09974373689083,0.20642104811565,0.628949998617365
"V326",0.100294484047188,0.20788836350458,0.6294906034941
"V757",-0.103176038611386,0.214495944201556,0.630504936617215
"V777",0.0994437029462574,0.207115161226848,0.63112980599618
"V595",0.0987543500327283,0.206390487721882,0.63230643563486
"V44",0.0993635241293097,0.207901506334074,0.632696066330841
"V925",-0.103170610093059,0.217634878572116,0.635461644692134
"V592",0.0976115186093107,0.206405167578775,0.636275831923007
"V633",-0.100780287533359,0.213268780553266,0.636533842492432
"V570",-0.0993358900900357,0.211327805774789,0.638315052740648
"V628",0.10153281692867,0.216499090461192,0.639086990794417
"V817",-0.101105761346324,0.215832958992259,0.639466755456083
"V788",0.0984880264773302,0.212072949353553,0.642356634243662
"V824",-0.100880052744804,0.217544129635315,0.642846755651153
"V86",0.0954030014684576,0.206665742263637,0.644347042053756
"V882",0.0967826725680037,0.210395803612347,0.645514163643288
"V922",0.0952962545797663,0.209037323226967,0.648475172460327
"V246",0.0938762688078179,0.206686992606811,0.64968823703718
"V187",-0.0960430293465424,0.211631231786937,0.649956537962983
"V1",0.0947421920555119,0.20904565003408,0.650395421002843
"V221",-0.0958958764109521,0.211625708142574,0.65044860399933
"V132",0.0935486409926002,0.206691592700654,0.65083670770601
"V382",-0.0948171960704553,0.211162246596461,0.653413388990492
"V131",-0.0956709227958139,0.213071764099697,0.653425898692729
"V629",-0.0972708096185881,0.217402352249297,0.654569682371113
"V366",0.0923587066217773,0.206708418624907,0.655014632491764
"V369",0.0947227255335329,0.212129543549795,0.655212675333622
"V237",0.0924326786839302,0.207215020984387,0.655545726329463
"V646",-0.0945685969756447,0.213029649471903,0.657098812096195
"V395",-0.0936526307767179,0.211541813966042,0.657972244952411
"V128",-0.094747470917857,0.214167862347543,0.65820110120351
"V555",-0.0930868603336353,0.211183322934872,0.659367216151377
"V446",0.0940719574104385,0.214186779776316,0.660512823840971
"V731",0.0913953151739311,0.209096807961789,0.662041947262354
"V306",0.0913175118553904,0.209098014722554,0.662313636003178
"V644",0.0902213733848814,0.206739107436652,0.662545041045768
"V370",-0.0928779123859788,0.212965326666084,0.662751458570189
"V432",-0.091954787082981,0.211478704303554,0.663694401693146
"V908",-0.0915334449802188,0.211463094553887,0.665118096204912
"V356",-0.0963474998004923,0.224573654710153,0.66790571961539
"V479",-0.0904594888082582,0.211087252336242,0.668257474208955
"V858",0.0889418073085977,0.20805641722407,0.669023273947832
"V852",-0.0900849542490019,0.212002847955822,0.670892573277806
"V319",-0.0916386992780915,0.217184096321923,0.673068672565503
"V159",-0.0878679109530639,0.210912347111973,0.67696467176741
"V318",-0.0881201893809901,0.211929833116469,0.677557171126062
"V709",0.0869407021791107,0.209167180558464,0.677664861459895
"V342",-0.0900250610167221,0.217122236862839,0.678413902848801
"V579",-0.0875683580961047,0.211909406080268,0.679434534945828
"V435",0.0847611940118565,0.206614311546958,0.681630828131225
"V982",0.0863538385478917,0.210559004902642,0.681720083905826
"V842",-0.0860973483770135,0.211451870757833,0.683881431409995
"V879",-0.0882918733781055,0.217056128913413,0.684177085601427
"V365",-0.0864487581387001,0.213852763726381,0.686033089424954
"V657",-0.0882897240699779,0.219098233544686,0.686971271661373
"V468",-0.0845607024876186,0.21120776533085,0.688885936573148
"V150",0.0837498385342531,0.209219187783327,0.688937688178494
"V718",0.0829593118908091,0.207360190997589,0.689102401336913
"V649",0.0826028141625772,0.206613885519186,0.689308883436216
"V74",-0.0848788678613917,0.213794045390499,0.691358382845743
"V744",-0.0839904155462377,0.211777816698123,0.691664773910286
"V549",0.0819069212508502,0.206654477912976,0.691848920307985
"V211",-0.0836035882621177,0.210936849980854,0.691851155197839
"V830",-0.0834439687163355,0.211757850034352,0.693541377753503
"V157",0.0812030093075014,0.206664547920283,0.694377228576304
"V666",-0.0844263527635813,0.215192027701549,0.694814178496219
"V496",0.0810263022270275,0.208183588090661,0.697123763066919
"V738",0.0832442178095318,0.214359998345911,0.697765626950578
"V672",-0.0829245469537885,0.213721345194099,0.698013730913546
"V143",-0.0818443372122812,0.211109829886176,0.698248376424718
"V760",0.0801088595108029,0.208198856929082,0.700407168079762
"V195",0.0799265089245814,0.209283257174689,0.702531170086472
"V910",-0.0817054931021904,0.215090508754069,0.704045156458285
"V445",0.0788650638097271,0.208219732391038,0.704866956682121
"V884",-0.0808884793531217,0.213646073049708,0.704977704996893
"V41",0.0778692901438525,0.206928172365302,0.706685908441581
"V315",0.0778643063057791,0.207443114257007,0.707398273229709
"V499",0.0777496488991169,0.207445019253936,0.707811882919348
"V355",0.0774347873742235,0.207450259378055,0.708948115305744
"V138",-0.0783156204886838,0.210756627495466,0.710196138383972
"V655",-0.0788044809153897,0.212442654894554,0.710678706590125
"V434",0.0761765594331475,0.206738342323203,0.71252395570933
"V822",-0.07702716148249,0.210608766776628,0.714562244929508
"V320",0.0762497419011281,0.20934667005483,0.715688391368631
"V604",-0.0763557956877673,0.210585409982501,0.7169124874949
"V199",0.0752206772946282,0.207487472100383,0.716955130529653
"V936",-0.0761926415103742,0.21057974191461,0.717484134743242
"V863",0.0748116635406508,0.207053601663625,0.717863651529758
"V583",0.0744900918237945,0.207058221537516,0.719030858693713
"V82",-0.0751472777342439,0.210872063025995,0.721567751961087
"V225",-0.0773316472934608,0.218687943272549,0.723626368137326
"V135",-0.0806188257142611,0.230847814029074,0.726917154122568
"V747",0.0721438292043489,0.206776762365872,0.727166502621386
"V941",0.0721802465805202,0.208335376298738,0.728995698170163
"V970",0.0715994801977045,0.206808414985636,0.729183668744054
"V859",-0.0756198798505945,0.218625121545874,0.729426633560198
"V977",0.0722834679546744,0.209417049670894,0.729970214719576
"V568",-0.0731343913037453,0.212238551598841,0.730405781900849
"V173",0.0709588049616856,0.207042621821053,0.731804908505028
"V613",0.0720138555416343,0.210806710594831,0.73264378527678
"V765",0.070505634838644,0.206803564873393,0.733155932092711
"V421",-0.071475171493361,0.210345639024953,0.734008138426225
"V811",0.0696857720673685,0.207064381891967,0.736462509794893
"V266",-0.0707513231480703,0.210321356986934,0.736572050558126
"V745",-0.0708550045639307,0.210722443142949,0.736683843050801
"V352",-0.0718486116160924,0.214729924158968,0.737926918719906
"V481",-0.0699896043856352,0.210692539939489,0.739747050207508
"V431",-0.0708671479859247,0.214694639541377,0.741336905697521
"V772",-0.0704911958481525,0.214681153487437,0.74264479264474
"V54",-0.0686092573337927,0.211229088259959,0.74532510078237
"V442",0.0670244212279248,0.207110551168108,0.746228286457325
"V616",-0.0677528412676814,0.21029084691993,0.747311521638128
"V56",-0.0677658264661712,0.21119979874539,0.748315558305917
"V437",-0.0673239819147652,0.210207240254074,0.748760384829291
"V378",0.0661005944053313,0.206877365242914,0.749335384476474
"V576",-0.0694671755244758,0.218402166827521,0.750431845189935
"V353",-0.0667282939593828,0.210816655877192,0.751605665463919
"V469",-0.0662800733275424,0.211148406882433,0.753594873807681
"V523",-0.0677843939839722,0.216300412867642,0.753991378064542
"V236",0.0658354510776641,0.212625838291404,0.756841936631856
"V250",-0.064386018894412,0.211083268552219,0.760345867361168
"V261",-0.0640395843366626,0.21048933710872,0.760943936478972
"V184",0.0627682187909495,0.20695134207535,0.761661700046459
"V710",0.0627437873768374,0.20718673468121,0.762014164852016
"V542",-0.0640656061439373,0.211919905292558,0.762415397720331
"V962",-0.0639318238772072,0.213037901386029,0.764103923689564
"V838",-0.0634447002431293,0.21302092641825,0.765830487982603
"V782",-0.0638534357142718,0.214445771238553,0.765886122052843
"V618",-0.0635528724277651,0.214435235290083,0.766945034371561
"V139",-0.0619287075477556,0.210418254646953,0.768519176361968
"V582",0.0612885763640332,0.208536204033407,0.768835102290978
"V531",-0.0620998840456986,0.211852107939981,0.769423956955425
"V893",0.0613663312843064,0.209621307395301,0.76971436633105
"V376",-0.0618219912875831,0.211842560138416,0.770416689631569
"V73",0.0620323289955148,0.212699304816456,0.770559358706469
"V147",-0.0619891897007438,0.212970371789916,0.770998129804007
"V840",-0.0612033076245225,0.210393949343387,0.771128863669057
"V768",-0.0646893844864341,0.223405315459622,0.772152387817359
"V740",0.059947335969733,0.207237782081135,0.772376013194395
"V778",-0.0602607593046025,0.209976532840931,0.774121457140448
"V891",0.059365884553028,0.207843491564795,0.775163189200479
"V561",0.0613003011777103,0.21475840506331,0.775308271520921
"V253",0.0601202788062901,0.211032473774111,0.775731186301767
"V569",0.0591860474338904,0.208576735440451,0.776593160305447
"V534",-0.0600655642578769,0.211782423403135,0.77670221162192
"V208",-0.0603638769295443,0.212914213748501,0.776783871724946
"V865",-0.0597897043978333,0.210926955635487,0.776822969886248
"V679",-0.059462411824139,0.210015329654138,0.777074369347413
"V685",-0.0591896086194842,0.210326805904917,0.778390325849645
"V831",0.0582545508205402,0.207028311177628,0.778415531218497
"V177",-0.0594583345243619,0.211761717562303,0.778879581071398
"V594",-0.0597328226152832,0.212892493265794,0.779034550822243
"V390",-0.0589643680967458,0.21089915165956,0.779795448068615
"V800",-0.0598016089639023,0.214304633009214,0.780206807755508
"V696",0.0577256016312918,0.207279057233422,0.780634548224806
"V924",0.0604799713364086,0.217187836248556,0.780652741201314
"V185",-0.058561578182645,0.21030596393416,0.780660071443777
"V756",-0.0595298840772733,0.214295237175204,0.781170665795974
"V282",0.057928419170306,0.209688818727313,0.782349159591833
"V834",-0.0596529623534083,0.216014409895556,0.782430785629841
"V90",-0.057223362166962,0.209942330293104,0.785186041511615
"V934",-0.0570589827069326,0.210066527389343,0.785911611278273
"V598",0.0550689794296738,0.207073215742995,0.790285684590426
"V654",-0.0555426619435362,0.210784741491708,0.792161996778739
"V422",0.0546907357311435,0.207862747635065,0.792465914448006
"V951",-0.0553242182942837,0.211621905752112,0.793761276278995
"V389",0.0540955994315613,0.207091251495657,0.793925749930197
"V612",-0.0542165468661401,0.209783906423495,0.79606737102831
"V29",-0.0551964702583162,0.214146573074911,0.796599166481235
"V904",-0.0544698411833937,0.212713174300125,0.797895411910073
"V601",0.0531801581856632,0.208695644840157,0.798860891278593
"V864",-0.0529690222232488,0.20980528644386,0.800679709502293
"V386",-0.0527657321981055,0.211536392837393,0.803020102176374
"V993",0.0514132860572482,0.208731507959726,0.80543993943009
"V787",-0.052840466122428,0.215780824643532,0.806549140630729
"V849",0.0510739238954803,0.20873844195175,0.806704949912998
"V436",-0.0512655473735043,0.210643683577817,0.807714390708407
"V761",-0.0509222361392189,0.209740130333586,0.808170188453942
"V14",0.0501277679884146,0.207425007721476,0.809038244300297
"V439",-0.0512933311320063,0.214014573753102,0.81058443366324
"V960",-0.050459228941283,0.210617335247987,0.810657609333469
"V887",0.0496214179925216,0.20717572330288,0.810707297136212
"V317",-0.0507693044503341,0.212589052101341,0.811249585660688
"V997",-0.0518834915133624,0.217789744505769,0.81170470196505
"V341",-0.0495924166505598,0.210013445063321,0.81332462070002
"V255",-0.0495796038695236,0.210013034069849,0.813371602503433
"V392",0.0496629116498828,0.211246077439919,0.814134943995322
"V473",0.04997288893832,0.212944652728597,0.814460619175451
"V69",0.0479939017071247,0.208027195296554,0.817540300364154
"V913",0.048131045035618,0.211278548157161,0.819795133483416
"V693",-0.0477052747105204,0.209953123579255,0.820253691489519
"V151",0.0466350762263637,0.208024816321791,0.822616972450686
"V751",-0.0477793829520371,0.213897284800627,0.823243379895293
"V708",-0.0456912787069265,0.20957590948254,0.827415242648186
"V712",0.0441007485207562,0.207546049163046,0.831727452591802
"V898",-0.0442485633794324,0.209531199266794,0.832747692700972
"V923",0.0437728455814486,0.207552767731196,0.832965428696604
"V758",-0.0441464936959558,0.209472854615338,0.833082022629795
"V423",0.0434208161702386,0.207297043505295,0.834087736907932
"V405",0.043494321004331,0.208090251813721,0.834435264599197
"V846",-0.0435213618822048,0.210393830248517,0.836121816309937
"V158",-0.0434972586832182,0.210393063791733,0.836210701750788
"V533",0.0426603516415838,0.207312262155971,0.83696414239732
"V134",-0.0432793814495807,0.210386138679442,0.837014294862661
"V277",-0.0442927845179293,0.215495569213788,0.83715088327653
"V605",-0.0429463799266876,0.211215418579372,0.838877297852533
"V938",0.0433063469802606,0.213088329792115,0.83895377736747
"V398",0.042443983215557,0.2089197189315,0.839010525702519
"V275",-0.0418667036337227,0.213703254485232,0.844680247296259
"V465",-0.0408680378473145,0.210041390035816,0.845728529904178
"V728",-0.0406139400865355,0.212256790041829,0.848256545374564
"V209",-0.0418445713363009,0.219853020652874,0.849050739459813
"V232",-0.039818194207156,0.210276890228927,0.849810067835546
"V358",0.0388928645674808,0.207654377600911,0.851428444782567
"V345",0.0387776705267218,0.208999604897316,0.852805945322121
"V40",-0.0386534630266848,0.209513864794293,0.853628134942272
"V815",-0.0393755634210994,0.21533543924093,0.854910328622166
"V58",-0.0387255178957755,0.213601875345398,0.856133951007614
"V813",0.0373035861567366,0.20768812427592,0.857456023549283
"V848",0.0375620550529644,0.210119849110558,0.858122302383332
"V624",0.0371151802035955,0.207692146191278,0.858171024592206
"V354",-0.0370569279061696,0.211028428015133,0.860606951593226
"V304",-0.0370387791166847,0.211027858217806,0.860674149275907
"V556",0.0364191842278237,0.209051896978235,0.861699474808705
"V408",-0.0362209373504907,0.212116879290347,0.864413004955202
"V548",0.0353778679172223,0.207458947128252,0.86459374635638
"V992",-0.0369262338803767,0.217297983234688,0.865062337187988
"V845",0.0352240543816534,0.207464978295111,0.865180690812156
"V737",-0.0354607830221399,0.212092904537547,0.867216952908283
"V851",0.0355776849879689,0.213262027556961,0.867506834951454
"V388",0.0344949446898772,0.207748548385145,0.868124048378971
"V662",0.035780391437071,0.217708914198543,0.869455870553828
"V530",0.0342042538366099,0.20829115415653,0.869562943926666
"V71",-0.0342910286862621,0.209389034531541,0.869914515924304
"V202",0.0337187992974172,0.207492798351627,0.870907500121588
"V32",-0.0347798497515462,0.215188412963244,0.871601086633108
"V920",0.0335913079670221,0.208304794674154,0.871888335962125
"V377",-0.0341214132273759,0.212050830760613,0.872163119604906
"V809",-0.0332231110175072,0.209149484851919,0.873788126898441
"V551",-0.0327732641465854,0.20918458158918,0.875503741931474
"V179",0.0324758051047461,0.207792606531411,0.875804822840289
"V493",0.0323284262795616,0.207521438921654,0.876203638179224
"V532",0.031895995054361,0.210249161925489,0.879419065877483
"V720",-0.0314490137011932,0.209098351474371,0.880446695875404
"V59",-0.0314343407060526,0.210018236674994,0.881021554770971
"V213",-0.0310842717665814,0.210843050206333,0.882793822261771
"V546",0.030764869342916,0.20918013416738,0.883073950184079
"V734",-0.0308700400031969,0.210001131906032,0.883132495358583
"V188",0.0304650650536849,0.207818286107412,0.8834519154446
"V126",-0.0304483399309818,0.20942141593302,0.884400847467218
"V249",-0.0306461245668969,0.21082962033045,0.884426903102881
"V519",0.0307809947109028,0.213373664427507,0.88529623686217
"V178",0.029707130816606,0.208392338616954,0.886642545072041
"V665",0.0294247598955409,0.207582050432136,0.887277463205255
"V167",0.0287834271620228,0.207595583134615,0.8897255902346
"V596",-0.029092891121268,0.209947515735719,0.889788205055991
"V329",-0.0289927914196253,0.209944507128035,0.890163437423326
"V125",-0.0288149146435333,0.20993916383926,0.890830312607002
"V404",0.0285058744729405,0.210328475361748,0.89219263523004
"V621",-0.0276270380068589,0.209337918993873,0.895005327304923
"V634",0.0271537962474867,0.210360512639288,0.897292612214872
"V129",-0.0273013595678717,0.214954625897006,0.898932584931926
"V456",-0.0265443565496493,0.209306134163401,0.899082288722933
"V373",-0.0268607945273787,0.21182651514777,0.899094240277604
"V871",0.0259004129786989,0.207939663950947,0.900873997118763
"V661",0.0257405440433608,0.207914797451863,0.901470996047027
"V226",-0.026015063075105,0.210689089755698,0.901730114072824
"V847",0.0252474726156876,0.21040607420287,0.904487877777184
"V180",-0.0251715479913138,0.209830563956055,0.904513801771426
"V694",-0.0250588243524303,0.209827229638169,0.904937872641681
"V371",-0.0248893364352976,0.21065532154651,0.905947263729555
"V368",0.0250238482570078,0.211804659005416,0.905952069398098
"V931",-0.0249843201535618,0.21176957797697,0.906084457695719
"V215",0.0240672688212037,0.207981636397005,0.907875850300225
"V420",0.0239486306147813,0.207699292911075,0.908203895711348
"V507",-0.0240436681231927,0.209233266554565,0.908513907482017
"V627",0.0240237589897256,0.209338295472823,0.908634990636126
"V400",-0.0241193701159394,0.211743476804054,0.909310371248094
"V409",-0.0233453448960736,0.209776735828358,0.911389061368631
"V337",0.0231931124923886,0.210455686102724,0.912247386340596
"V37",0.0236165037940159,0.215588473856442,0.912770730417128
"V939",0.0223248707108792,0.211870524325585,0.916081944554279
"V792",-0.0219297876175394,0.208871831775654,0.916382474852208
"V413",-0.0218455868852146,0.209169847243183,0.916820605577716
"V133",0.0215361771254409,0.208040286110683,0.917550861836295
"V522",-0.0214320608979763,0.208857822843913,0.918268098844299
"V796",-0.0218466331418109,0.213077490297373,0.918336753971208
"V164",0.0211301541188709,0.208049769501721,0.919103566887727
"V608",-0.0211199718070881,0.20884905439653,0.919450810050678
"V563",-0.0215051129111765,0.213067236542297,0.919605146164804
"V802",0.0208322470392313,0.20859951046555,0.920449764324992
"V764",-0.0206936742696711,0.210530819815051,0.921699755649229
"V95",0.019993113263601,0.20779975365321,0.923351117401425
"V384",0.0194386224955599,0.210547725851447,0.926440566771413
"V33",-0.0190633070380991,0.210483017830984,0.92783479856735
"V475",-0.018397555963341,0.208773074454168,0.929779501177225
"V333",0.0189314813188826,0.215704383896422,0.930062770729447
"V494",-0.0180811035901093,0.2115637947843,0.931892456573296
"V975",-0.0175937316679397,0.209609858601508,0.933107625530925
"V658",0.0172661841337975,0.20786279427866,0.933799621762209
"V611",0.0174409235314381,0.21199204144662,0.934430741155605
"V547",0.0170142539019082,0.208691682489015,0.935021911839315
"V163",-0.0169905216666038,0.209592590977777,0.935390645966847
"V640",-0.016290310950473,0.20901220204519,0.937876161646378
"V660",0.0162703614640683,0.209527270424092,0.93810430824615
"V899",0.0159138619991759,0.210635742561116,0.939775864227729
"V336",-0.014968940804384,0.208678686410262,0.942815184586169
"V789",0.0150830485940054,0.210656715223744,0.942920135111627
"V111",-0.0150002925391884,0.210365300952379,0.943154279135989
"V490",0.0149873655207676,0.213761856265583,0.944104164640756
"V96",-0.0146615577645161,0.209526339129605,0.944213739600041
"V272",0.0151265918732033,0.218205130853324,0.94473267313637
"V978",0.0143393488014195,0.209575506168465,0.945450569631899
"V501",0.0139140832577299,0.212081653934354,0.947690557552169
"V927",-0.0135504896003804,0.212832434627493,0.949235056164606
"V554",0.0132510557527809,0.209602896393325,0.949591468457679
"V867",0.0130113246763474,0.208790279649961,0.950309853653237
"V955",-0.0127554044547523,0.209472609182207,0.951444466632401
"V550",0.0117434040639071,0.213845482617778,0.956205885886982
"V234",0.0111178018820522,0.207988954016783,0.957370332846049
"V759",0.00993185314067264,0.208319489375851,0.961974411205497
"V244",0.0099137425246438,0.208037438637074,0.961992276969513
"V97",0.00969650286198185,0.208022325566672,0.962821830943424
"V957",0.00956409914807693,0.208328613535221,0.963383007160789
"V678",0.00940718946052682,0.209700821058697,0.964218859705615
"V921",0.00928659420045409,0.208031997556178,0.964394083434669
"V976",-0.00929538522424849,0.208819095042358,0.964494646741765
"V675",-0.00928013584344443,0.208818680642069,0.964552785758428
"V181",-0.00921369845810715,0.208717669480153,0.964789369273992
"V878",-0.00926214959415484,0.211309358461665,0.96503817670718
"V8",-0.00951722892901812,0.218868204987417,0.965315850078405
"V433",0.00911759030255157,0.213914140211449,0.966002329467476
"V729",0.00888937450285425,0.209714153316499,0.96618935265815
"V251",0.0083317452237897,0.208908080660857,0.96818692244043
"V5",0.00847237735008101,0.218376605237053,0.969052162951285
"V965",0.00794927968703368,0.208368878030865,0.969568059319225
"V6",0.00806653283994436,0.212233660630746,0.969681469358657
"V123",-0.00792224999095211,0.209338372614411,0.969811877382433
"V526",-0.0080116936155425,0.212673519062328,0.969949737747133
"V455",0.00735898568930362,0.212252342589116,0.97234214307351
"V214",-0.00668352791444152,0.20874853680709,0.974458394436885
"V119",-0.00719082655829773,0.224825646055436,0.974484799542519
"V476",0.00653618488504541,0.210877467947462,0.975273384356185
"V524",0.00640679793883645,0.20840764286553,0.975475562993047
"V175",-0.00628565801385535,0.212624767700795,0.976416204258484
"V364",-0.00578710600952674,0.209279985791848,0.977939342237192
"V721",0.00508292525709747,0.208991468538295,0.980596395525138
"V25",0.0041945230194756,0.209014499679393,0.983989050818896
"V558",-0.00402726968978698,0.212561534792066,0.984883887493124
"V850",-0.00373100912160634,0.209224291636024,0.985772413032672
"V152",-0.00354582468173828,0.221495784141024,0.987227576611521
"V784",-0.00282146671719444,0.208327257573634,0.989194232480607
"V733",-0.00281419635315851,0.210024358340998,0.989309160853736
"V667",0.00245997078085152,0.210985949581621,0.990697350982803
"V495",0.00235534067498293,0.209062490363269,0.9910110598896
"V942",0.00168025907161085,0.208241070536084,0.993562085420047
"V515",-0.00163965974551502,0.214204402817785,0.993892532539629
"V798",0.00131198740205119,0.208459513121116,0.994978365028603
"V122",0.000674985395848763,0.216182513284527,0.997508773753769
"V230",0.000173263950253548,0.208252510745655,0.999336168316017
"V367",6.23398650434034e-05,0.208489426757995,0.999761426678211
"V739",-1.8912011705592e-05,0.208572320034691,0.999927652901735
"V280",-1.15005331298399e-06,0.212450369598872,0.999995680827554
