"Pesticide1","Pesticide2","SES_Variable","SES_P_value","Significant"
"XACETOCHLOR","XATRAZINE","Education.index",0.128353574462415,FALSE
"XACETOCHLOR","XATRAZINE","Income",0.834029044199122,FALSE
"XACETOCHLOR","XATRAZINE","home_value",0.848807546437722,FALSE
"XACETOCHLOR","XATRAZINE","rent",0.44531852979395,FALSE
"XACETOCHLOR","XATRAZINE","Poverty_150",0.999429538955491,FALSE
"XACETOCHLOR","XATRAZINE","Unemployed",0.219881211696464,FALSE
"XACETOCHLOR","XATRAZINE","Working_class",0.627484644660069,FALSE
"XACETOCHLOR","XDIAZINON","Education.index",0.0854888803325745,FALSE
"XACETOCHLOR","XDIAZINON","Income",0.822924038473419,FALSE
"XACETOCHLOR","XDIAZINON","home_value",0.796724421105545,FALSE
"XACETOCHLOR","XDIAZINON","rent",0.417050716863731,FALSE
"XACETOCHLOR","XDIAZINON","Poverty_150",0.572981579008105,FALSE
"XACETOCHLOR","XDIAZINON","Unemployed",0.122981133435845,FALSE
"XACETOCHLOR","XDIAZINON","Working_class",0.731801305880947,FALSE
"XACETOCHLOR","XESFENVALERATE","Education.index",0.102078647694297,FALSE
"XACETOCHLOR","XESFENVALERATE","Income",0.985580836107798,FALSE
"XACETOCHLOR","XESFENVALERATE","home_value",0.97839737551978,FALSE
"XACETOCHLOR","XESFENVALERATE","rent",0.37074653977858,FALSE
"XACETOCHLOR","XESFENVALERATE","Poverty_150",0.892095425439804,FALSE
"XACETOCHLOR","XESFENVALERATE","Unemployed",0.280350313177102,FALSE
"XACETOCHLOR","XESFENVALERATE","Working_class",0.554351354860019,FALSE
"XACETOCHLOR","XFENBUCONAZOLE","Education.index",0.0515305009835659,FALSE
"XACETOCHLOR","XFENBUCONAZOLE","Income",0.06515118428897,FALSE
"XACETOCHLOR","XFENBUCONAZOLE","home_value",0.0891897692566042,FALSE
"XACETOCHLOR","XFENBUCONAZOLE","rent",0.239618469684227,FALSE
"XACETOCHLOR","XFENBUCONAZOLE","Poverty_150",0.0260705218458845,TRUE
"XACETOCHLOR","XFENBUCONAZOLE","Unemployed",0.103262315683407,FALSE
"XACETOCHLOR","XFENBUCONAZOLE","Working_class",0.0622732127074643,FALSE
"XACETOCHLOR","XFLUMIOXAZIN","Education.index",0.535307754357699,FALSE
"XACETOCHLOR","XFLUMIOXAZIN","Income",0.944270001227099,FALSE
"XACETOCHLOR","XFLUMIOXAZIN","home_value",0.538087987557606,FALSE
"XACETOCHLOR","XFLUMIOXAZIN","rent",0.638263854778125,FALSE
"XACETOCHLOR","XFLUMIOXAZIN","Poverty_150",0.97754467029022,FALSE
"XACETOCHLOR","XFLUMIOXAZIN","Unemployed",0.0917733450390691,FALSE
"XACETOCHLOR","XFLUMIOXAZIN","Working_class",0.995380329068256,FALSE
"XACETOCHLOR","XGLYPHOSATE","Education.index",0.103823405838144,FALSE
"XACETOCHLOR","XGLYPHOSATE","Income",0.598871609862655,FALSE
"XACETOCHLOR","XGLYPHOSATE","home_value",0.511468174284998,FALSE
"XACETOCHLOR","XGLYPHOSATE","rent",0.837782976865758,FALSE
"XACETOCHLOR","XGLYPHOSATE","Poverty_150",0.849862526319768,FALSE
"XACETOCHLOR","XGLYPHOSATE","Unemployed",0.18581312047189,FALSE
"XACETOCHLOR","XGLYPHOSATE","Working_class",0.95988630260773,FALSE
"XACETOCHLOR","XIMIDACLOPRID","Education.index",0.0737100649234393,FALSE
"XACETOCHLOR","XIMIDACLOPRID","Income",0.763343232545707,FALSE
"XACETOCHLOR","XIMIDACLOPRID","home_value",0.904278565556449,FALSE
"XACETOCHLOR","XIMIDACLOPRID","rent",0.333060597671517,FALSE
"XACETOCHLOR","XIMIDACLOPRID","Poverty_150",0.621175976312633,FALSE
"XACETOCHLOR","XIMIDACLOPRID","Unemployed",0.117160752685257,FALSE
"XACETOCHLOR","XIMIDACLOPRID","Working_class",0.933479614288945,FALSE
"XACETOCHLOR","XNICOSULFURON","Education.index",0.118588777925742,FALSE
"XACETOCHLOR","XNICOSULFURON","Income",0.827191774510353,FALSE
"XACETOCHLOR","XNICOSULFURON","home_value",0.925091476849601,FALSE
"XACETOCHLOR","XNICOSULFURON","rent",0.428762123845653,FALSE
"XACETOCHLOR","XNICOSULFURON","Poverty_150",0.906190275698241,FALSE
"XACETOCHLOR","XNICOSULFURON","Unemployed",0.203608687068184,FALSE
"XACETOCHLOR","XNICOSULFURON","Working_class",0.718355929782524,FALSE
"XACETOCHLOR","XPICLORAM","Education.index",0.0652912111863034,FALSE
"XACETOCHLOR","XPICLORAM","Income",0.479571242457165,FALSE
"XACETOCHLOR","XPICLORAM","home_value",0.422076623874344,FALSE
"XACETOCHLOR","XPICLORAM","rent",0.0859814093510784,FALSE
"XACETOCHLOR","XPICLORAM","Poverty_150",0.567126235394903,FALSE
"XACETOCHLOR","XPICLORAM","Unemployed",0.165026232455765,FALSE
"XACETOCHLOR","XPICLORAM","Working_class",0.337358065381223,FALSE
"XACETOCHLOR","XPROPARGITE","Education.index",0.0577201514837618,FALSE
"XACETOCHLOR","XPROPARGITE","Income",0.405251855444126,FALSE
"XACETOCHLOR","XPROPARGITE","home_value",0.726143716876187,FALSE
"XACETOCHLOR","XPROPARGITE","rent",0.645813645443026,FALSE
"XACETOCHLOR","XPROPARGITE","Poverty_150",0.322814022517094,FALSE
"XACETOCHLOR","XPROPARGITE","Unemployed",0.0162469359487096,TRUE
"XACETOCHLOR","XPROPARGITE","Working_class",0.698556845215589,FALSE
"XACETOCHLOR","XSIMAZINE","Education.index",0.0814755752091655,FALSE
"XACETOCHLOR","XSIMAZINE","Income",0.581802642565803,FALSE
"XACETOCHLOR","XSIMAZINE","home_value",0.751745601596282,FALSE
"XACETOCHLOR","XSIMAZINE","rent",0.635728228513737,FALSE
"XACETOCHLOR","XSIMAZINE","Poverty_150",0.917136969442485,FALSE
"XACETOCHLOR","XSIMAZINE","Unemployed",0.376115061120208,FALSE
"XACETOCHLOR","XSIMAZINE","Working_class",0.808726964892269,FALSE
"XACETOCHLOR","XTEBUPIRIMPHOS","Education.index",0.0187305136962449,TRUE
"XACETOCHLOR","XTEBUPIRIMPHOS","Income",0.19501779337331,FALSE
"XACETOCHLOR","XTEBUPIRIMPHOS","home_value",0.169033242172989,FALSE
"XACETOCHLOR","XTEBUPIRIMPHOS","rent",0.0122279695548948,TRUE
"XACETOCHLOR","XTEBUPIRIMPHOS","Poverty_150",0.324415031131197,FALSE
"XACETOCHLOR","XTEBUPIRIMPHOS","Unemployed",0.244702611630447,FALSE
"XACETOCHLOR","XTEBUPIRIMPHOS","Working_class",0.558799199405114,FALSE
"XATRAZINE","XACETOCHLOR","Education.index",0.196356194824523,FALSE
"XATRAZINE","XACETOCHLOR","Income",0.841857936280225,FALSE
"XATRAZINE","XACETOCHLOR","home_value",0.858358860644659,FALSE
"XATRAZINE","XACETOCHLOR","rent",0.618021431349827,FALSE
"XATRAZINE","XACETOCHLOR","Poverty_150",0.926073590894946,FALSE
"XATRAZINE","XACETOCHLOR","Unemployed",0.140739658725087,FALSE
"XATRAZINE","XACETOCHLOR","Working_class",0.722176076534309,FALSE
"XATRAZINE","XDIAZINON","Education.index",0.0165152292816153,TRUE
"XATRAZINE","XDIAZINON","Income",0.434305243640333,FALSE
"XATRAZINE","XDIAZINON","home_value",0.396136742333842,FALSE
"XATRAZINE","XDIAZINON","rent",0.18711070312088,FALSE
"XATRAZINE","XDIAZINON","Poverty_150",0.406262985012178,FALSE
"XATRAZINE","XDIAZINON","Unemployed",0.3010885852414,FALSE
"XATRAZINE","XDIAZINON","Working_class",0.64106564723008,FALSE
"XATRAZINE","XESFENVALERATE","Education.index",0.0106004717631982,TRUE
"XATRAZINE","XESFENVALERATE","Income",0.315328135027016,FALSE
"XATRAZINE","XESFENVALERATE","home_value",0.349431158685706,FALSE
"XATRAZINE","XESFENVALERATE","rent",0.114860516201323,FALSE
"XATRAZINE","XESFENVALERATE","Poverty_150",0.494240670930924,FALSE
"XATRAZINE","XESFENVALERATE","Unemployed",0.237115205389167,FALSE
"XATRAZINE","XESFENVALERATE","Working_class",0.465171546328509,FALSE
"XATRAZINE","XFENBUCONAZOLE","Education.index",0.00908806541553347,TRUE
"XATRAZINE","XFENBUCONAZOLE","Income",0.0239327608858885,TRUE
"XATRAZINE","XFENBUCONAZOLE","home_value",0.0529455066194843,FALSE
"XATRAZINE","XFENBUCONAZOLE","rent",0.126161881553511,FALSE
"XATRAZINE","XFENBUCONAZOLE","Poverty_150",0.00208338013546768,TRUE
"XATRAZINE","XFENBUCONAZOLE","Unemployed",0.11135179055983,FALSE
"XATRAZINE","XFENBUCONAZOLE","Working_class",0.0839596761223714,FALSE
"XATRAZINE","XFLUMIOXAZIN","Education.index",0.221953248599711,FALSE
"XATRAZINE","XFLUMIOXAZIN","Income",0.49649871029114,FALSE
"XATRAZINE","XFLUMIOXAZIN","home_value",0.732613113083158,FALSE
"XATRAZINE","XFLUMIOXAZIN","rent",0.373995187228267,FALSE
"XATRAZINE","XFLUMIOXAZIN","Poverty_150",0.265652456848148,FALSE
"XATRAZINE","XFLUMIOXAZIN","Unemployed",0.0361431637665038,TRUE
"XATRAZINE","XFLUMIOXAZIN","Working_class",0.613211840437986,FALSE
"XATRAZINE","XGLYPHOSATE","Education.index",0.0096034404061898,TRUE
"XATRAZINE","XGLYPHOSATE","Income",0.608322896707271,FALSE
"XATRAZINE","XGLYPHOSATE","home_value",0.697659735901258,FALSE
"XATRAZINE","XGLYPHOSATE","rent",0.404440577037858,FALSE
"XATRAZINE","XGLYPHOSATE","Poverty_150",0.574566378837436,FALSE
"XATRAZINE","XGLYPHOSATE","Unemployed",0.128012996773121,FALSE
"XATRAZINE","XGLYPHOSATE","Working_class",0.736176445937494,FALSE
"XATRAZINE","XIMIDACLOPRID","Education.index",0.0231993391997599,TRUE
"XATRAZINE","XIMIDACLOPRID","Income",0.350630833236754,FALSE
"XATRAZINE","XIMIDACLOPRID","home_value",0.45709626206951,FALSE
"XATRAZINE","XIMIDACLOPRID","rent",0.174017575989681,FALSE
"XATRAZINE","XIMIDACLOPRID","Poverty_150",0.289088766933304,FALSE
"XATRAZINE","XIMIDACLOPRID","Unemployed",0.0705124843049924,FALSE
"XATRAZINE","XIMIDACLOPRID","Working_class",0.803883747736581,FALSE
"XATRAZINE","XNICOSULFURON","Education.index",0.0461833358384393,TRUE
"XATRAZINE","XNICOSULFURON","Income",0.84766283764125,FALSE
"XATRAZINE","XNICOSULFURON","home_value",0.815432933285091,FALSE
"XATRAZINE","XNICOSULFURON","rent",0.387614795055673,FALSE
"XATRAZINE","XNICOSULFURON","Poverty_150",0.563440413970634,FALSE
"XATRAZINE","XNICOSULFURON","Unemployed",0.130744077257705,FALSE
"XATRAZINE","XNICOSULFURON","Working_class",0.964726890664073,FALSE
"XATRAZINE","XPICLORAM","Education.index",0.0140987109005673,TRUE
"XATRAZINE","XPICLORAM","Income",0.237596901011335,FALSE
"XATRAZINE","XPICLORAM","home_value",0.348780922791395,FALSE
"XATRAZINE","XPICLORAM","rent",0.0988288402913846,FALSE
"XATRAZINE","XPICLORAM","Poverty_150",0.44222445122576,FALSE
"XATRAZINE","XPICLORAM","Unemployed",0.217326955824164,FALSE
"XATRAZINE","XPICLORAM","Working_class",0.301887327157627,FALSE
"XATRAZINE","XPROPARGITE","Education.index",0.0309592753993246,TRUE
"XATRAZINE","XPROPARGITE","Income",0.537081907150335,FALSE
"XATRAZINE","XPROPARGITE","home_value",0.726112156296537,FALSE
"XATRAZINE","XPROPARGITE","rent",0.622143321700515,FALSE
"XATRAZINE","XPROPARGITE","Poverty_150",0.250478571161359,FALSE
"XATRAZINE","XPROPARGITE","Unemployed",0.0399240275081816,TRUE
"XATRAZINE","XPROPARGITE","Working_class",0.936062794876956,FALSE
"XATRAZINE","XSIMAZINE","Education.index",0.0356314110116,TRUE
"XATRAZINE","XSIMAZINE","Income",0.958806914223754,FALSE
"XATRAZINE","XSIMAZINE","home_value",0.849994687295834,FALSE
"XATRAZINE","XSIMAZINE","rent",0.517125166699143,FALSE
"XATRAZINE","XSIMAZINE","Poverty_150",0.799477396155937,FALSE
"XATRAZINE","XSIMAZINE","Unemployed",0.259574390546956,FALSE
"XATRAZINE","XSIMAZINE","Working_class",0.910152235667746,FALSE
"XATRAZINE","XTEBUPIRIMPHOS","Education.index",0.0461583983542985,TRUE
"XATRAZINE","XTEBUPIRIMPHOS","Income",0.14414499760303,FALSE
"XATRAZINE","XTEBUPIRIMPHOS","home_value",0.173110162205993,FALSE
"XATRAZINE","XTEBUPIRIMPHOS","rent",0.0168709879881773,TRUE
"XATRAZINE","XTEBUPIRIMPHOS","Poverty_150",0.305377801960417,FALSE
"XATRAZINE","XTEBUPIRIMPHOS","Unemployed",0.115735119823064,FALSE
"XATRAZINE","XTEBUPIRIMPHOS","Working_class",0.618109388142997,FALSE
"XDIAZINON","XACETOCHLOR","Education.index",0.0828383627967952,FALSE
"XDIAZINON","XACETOCHLOR","Income",0.754862943350627,FALSE
"XDIAZINON","XACETOCHLOR","home_value",0.674928804550361,FALSE
"XDIAZINON","XACETOCHLOR","rent",0.36781859504844,FALSE
"XDIAZINON","XACETOCHLOR","Poverty_150",0.69983039575871,FALSE
"XDIAZINON","XACETOCHLOR","Unemployed",0.125087349075338,FALSE
"XDIAZINON","XACETOCHLOR","Working_class",0.982596924306674,FALSE
"XDIAZINON","XATRAZINE","Education.index",0.00925066708400233,TRUE
"XDIAZINON","XATRAZINE","Income",0.301567680102902,FALSE
"XDIAZINON","XATRAZINE","home_value",0.334727695648219,FALSE
"XDIAZINON","XATRAZINE","rent",0.105328545502666,FALSE
"XDIAZINON","XATRAZINE","Poverty_150",0.323227442433632,FALSE
"XDIAZINON","XATRAZINE","Unemployed",0.196806051853136,FALSE
"XDIAZINON","XATRAZINE","Working_class",0.862268707223527,FALSE
"XDIAZINON","XESFENVALERATE","Education.index",0.00489806302834226,TRUE
"XDIAZINON","XESFENVALERATE","Income",0.118832729359199,FALSE
"XDIAZINON","XESFENVALERATE","home_value",0.0693589447110578,FALSE
"XDIAZINON","XESFENVALERATE","rent",0.0152179623159086,TRUE
"XDIAZINON","XESFENVALERATE","Poverty_150",0.686757146655586,FALSE
"XDIAZINON","XESFENVALERATE","Unemployed",0.875373955749908,FALSE
"XDIAZINON","XESFENVALERATE","Working_class",0.431640253814665,FALSE
"XDIAZINON","XFENBUCONAZOLE","Education.index",0.0398945243435904,TRUE
"XDIAZINON","XFENBUCONAZOLE","Income",0.124982236558181,FALSE
"XDIAZINON","XFENBUCONAZOLE","home_value",0.325767109163365,FALSE
"XDIAZINON","XFENBUCONAZOLE","rent",0.344570351411706,FALSE
"XDIAZINON","XFENBUCONAZOLE","Poverty_150",0.0202471781017411,TRUE
"XDIAZINON","XFENBUCONAZOLE","Unemployed",0.564254624509003,FALSE
"XDIAZINON","XFENBUCONAZOLE","Working_class",0.131238402501716,FALSE
"XDIAZINON","XFLUMIOXAZIN","Education.index",0.195157862979383,FALSE
"XDIAZINON","XFLUMIOXAZIN","Income",0.411760629779193,FALSE
"XDIAZINON","XFLUMIOXAZIN","home_value",0.461153646989025,FALSE
"XDIAZINON","XFLUMIOXAZIN","rent",0.367062999002416,FALSE
"XDIAZINON","XFLUMIOXAZIN","Poverty_150",0.38967090432943,FALSE
"XDIAZINON","XFLUMIOXAZIN","Unemployed",0.157763977942676,FALSE
"XDIAZINON","XFLUMIOXAZIN","Working_class",0.501108077710127,FALSE
"XDIAZINON","XGLYPHOSATE","Education.index",0.0054772997736245,TRUE
"XDIAZINON","XGLYPHOSATE","Income",0.301136290569382,FALSE
"XDIAZINON","XGLYPHOSATE","home_value",0.395682712362154,FALSE
"XDIAZINON","XGLYPHOSATE","rent",0.180373144970816,FALSE
"XDIAZINON","XGLYPHOSATE","Poverty_150",0.310278542687514,FALSE
"XDIAZINON","XGLYPHOSATE","Unemployed",0.123270845115192,FALSE
"XDIAZINON","XGLYPHOSATE","Working_class",0.960997473975673,FALSE
"XDIAZINON","XIMIDACLOPRID","Education.index",0.0085863689580699,TRUE
"XDIAZINON","XIMIDACLOPRID","Income",0.191977163162521,FALSE
"XDIAZINON","XIMIDACLOPRID","home_value",0.0846489516357145,FALSE
"XDIAZINON","XIMIDACLOPRID","rent",0.0258281561468446,TRUE
"XDIAZINON","XIMIDACLOPRID","Poverty_150",0.695682599648868,FALSE
"XDIAZINON","XIMIDACLOPRID","Unemployed",0.965466883857723,FALSE
"XDIAZINON","XIMIDACLOPRID","Working_class",0.262462036888483,FALSE
"XDIAZINON","XNICOSULFURON","Education.index",0.0118018122059643,TRUE
"XDIAZINON","XNICOSULFURON","Income",0.414322683338258,FALSE
"XDIAZINON","XNICOSULFURON","home_value",0.301403749573317,FALSE
"XDIAZINON","XNICOSULFURON","rent",0.106209242042315,FALSE
"XDIAZINON","XNICOSULFURON","Poverty_150",0.287603372507877,FALSE
"XDIAZINON","XNICOSULFURON","Unemployed",0.188997305318741,FALSE
"XDIAZINON","XNICOSULFURON","Working_class",0.903106581724354,FALSE
"XDIAZINON","XPICLORAM","Education.index",0.00428753776511201,TRUE
"XDIAZINON","XPICLORAM","Income",0.156065421789953,FALSE
"XDIAZINON","XPICLORAM","home_value",0.08027349305035,FALSE
"XDIAZINON","XPICLORAM","rent",0.00867801548186679,TRUE
"XDIAZINON","XPICLORAM","Poverty_150",0.976967315026135,FALSE
"XDIAZINON","XPICLORAM","Unemployed",0.975823958912916,FALSE
"XDIAZINON","XPICLORAM","Working_class",0.366530194582973,FALSE
"XDIAZINON","XPROPARGITE","Education.index",0.00215013491881977,TRUE
"XDIAZINON","XPROPARGITE","Income",0.169407841891912,FALSE
"XDIAZINON","XPROPARGITE","home_value",0.286364858619497,FALSE
"XDIAZINON","XPROPARGITE","rent",0.091707933017675,FALSE
"XDIAZINON","XPROPARGITE","Poverty_150",0.137206402576036,FALSE
"XDIAZINON","XPROPARGITE","Unemployed",0.0716812419060844,FALSE
"XDIAZINON","XPROPARGITE","Working_class",0.992293535262098,FALSE
"XDIAZINON","XSIMAZINE","Education.index",0.00654675199133924,TRUE
"XDIAZINON","XSIMAZINE","Income",0.19049107990964,FALSE
"XDIAZINON","XSIMAZINE","home_value",0.196622290870965,FALSE
"XDIAZINON","XSIMAZINE","rent",0.05107339211721,FALSE
"XDIAZINON","XSIMAZINE","Poverty_150",0.229651351897212,FALSE
"XDIAZINON","XSIMAZINE","Unemployed",0.383814698374459,FALSE
"XDIAZINON","XSIMAZINE","Working_class",0.657085770643595,FALSE
"XDIAZINON","XTEBUPIRIMPHOS","Education.index",0.0330234075680913,TRUE
"XDIAZINON","XTEBUPIRIMPHOS","Income",0.204600946601913,FALSE
"XDIAZINON","XTEBUPIRIMPHOS","home_value",0.227098217068645,FALSE
"XDIAZINON","XTEBUPIRIMPHOS","rent",0.0713551769573719,FALSE
"XDIAZINON","XTEBUPIRIMPHOS","Poverty_150",0.20393997694863,FALSE
"XDIAZINON","XTEBUPIRIMPHOS","Unemployed",0.0971095492648793,FALSE
"XDIAZINON","XTEBUPIRIMPHOS","Working_class",0.818459123894929,FALSE
"XESFENVALERATE","XACETOCHLOR","Education.index",0.0777525931889896,FALSE
"XESFENVALERATE","XACETOCHLOR","Income",0.793724899441953,FALSE
"XESFENVALERATE","XACETOCHLOR","home_value",0.645835774262048,FALSE
"XESFENVALERATE","XACETOCHLOR","rent",0.187563620172303,FALSE
"XESFENVALERATE","XACETOCHLOR","Poverty_150",0.920199629402641,FALSE
"XESFENVALERATE","XACETOCHLOR","Unemployed",0.218430387251266,FALSE
"XESFENVALERATE","XACETOCHLOR","Working_class",0.422956821397893,FALSE
"XESFENVALERATE","XATRAZINE","Education.index",0.00412271908940213,TRUE
"XESFENVALERATE","XATRAZINE","Income",0.248165692235549,FALSE
"XESFENVALERATE","XATRAZINE","home_value",0.201228755746719,FALSE
"XESFENVALERATE","XATRAZINE","rent",0.0396226323322987,TRUE
"XESFENVALERATE","XATRAZINE","Poverty_150",0.419905160239242,FALSE
"XESFENVALERATE","XATRAZINE","Unemployed",0.215875483568397,FALSE
"XESFENVALERATE","XATRAZINE","Working_class",0.361518810901363,FALSE
"XESFENVALERATE","XDIAZINON","Education.index",0.00308335508319823,TRUE
"XESFENVALERATE","XDIAZINON","Income",0.135392046114183,FALSE
"XESFENVALERATE","XDIAZINON","home_value",0.0526935297145148,FALSE
"XESFENVALERATE","XDIAZINON","rent",0.00893873920652391,TRUE
"XESFENVALERATE","XDIAZINON","Poverty_150",0.691329137993592,FALSE
"XESFENVALERATE","XDIAZINON","Unemployed",0.919712656536722,FALSE
"XESFENVALERATE","XDIAZINON","Working_class",0.265084195769191,FALSE
"XESFENVALERATE","XFENBUCONAZOLE","Education.index",0.0140911417984806,TRUE
"XESFENVALERATE","XFENBUCONAZOLE","Income",0.0512498692700584,FALSE
"XESFENVALERATE","XFENBUCONAZOLE","home_value",0.10681274031094,FALSE
"XESFENVALERATE","XFENBUCONAZOLE","rent",0.231123210844409,FALSE
"XESFENVALERATE","XFENBUCONAZOLE","Poverty_150",0.00366919979939493,TRUE
"XESFENVALERATE","XFENBUCONAZOLE","Unemployed",0.136972680786418,FALSE
"XESFENVALERATE","XFENBUCONAZOLE","Working_class",0.10098482682544,FALSE
"XESFENVALERATE","XFLUMIOXAZIN","Education.index",0.0908604779823683,FALSE
"XESFENVALERATE","XFLUMIOXAZIN","Income",0.395714037090227,FALSE
"XESFENVALERATE","XFLUMIOXAZIN","home_value",0.642176731001384,FALSE
"XESFENVALERATE","XFLUMIOXAZIN","rent",0.268158709972816,FALSE
"XESFENVALERATE","XFLUMIOXAZIN","Poverty_150",0.30979608651553,FALSE
"XESFENVALERATE","XFLUMIOXAZIN","Unemployed",0.0872362100842366,FALSE
"XESFENVALERATE","XFLUMIOXAZIN","Working_class",0.358868107968446,FALSE
"XESFENVALERATE","XGLYPHOSATE","Education.index",0.00360057302065994,TRUE
"XESFENVALERATE","XGLYPHOSATE","Income",0.354204721199797,FALSE
"XESFENVALERATE","XGLYPHOSATE","home_value",0.485597605350469,FALSE
"XESFENVALERATE","XGLYPHOSATE","rent",0.144007625366935,FALSE
"XESFENVALERATE","XGLYPHOSATE","Poverty_150",0.404381658057199,FALSE
"XESFENVALERATE","XGLYPHOSATE","Unemployed",0.112058776632511,FALSE
"XESFENVALERATE","XGLYPHOSATE","Working_class",0.571161381483718,FALSE
"XESFENVALERATE","XIMIDACLOPRID","Education.index",0.00484767183255482,TRUE
"XESFENVALERATE","XIMIDACLOPRID","Income",0.111478751916127,FALSE
"XESFENVALERATE","XIMIDACLOPRID","home_value",0.157628751289078,FALSE
"XESFENVALERATE","XIMIDACLOPRID","rent",0.0263838120890944,TRUE
"XESFENVALERATE","XIMIDACLOPRID","Poverty_150",0.31776665952925,FALSE
"XESFENVALERATE","XIMIDACLOPRID","Unemployed",0.457040156136515,FALSE
"XESFENVALERATE","XIMIDACLOPRID","Working_class",0.227374715932789,FALSE
"XESFENVALERATE","XNICOSULFURON","Education.index",0.0170789310059329,TRUE
"XESFENVALERATE","XNICOSULFURON","Income",0.614494780062393,FALSE
"XESFENVALERATE","XNICOSULFURON","home_value",0.415074969202571,FALSE
"XESFENVALERATE","XNICOSULFURON","rent",0.105633975173344,FALSE
"XESFENVALERATE","XNICOSULFURON","Poverty_150",0.535883431721521,FALSE
"XESFENVALERATE","XNICOSULFURON","Unemployed",0.175533060247277,FALSE
"XESFENVALERATE","XNICOSULFURON","Working_class",0.679617291432232,FALSE
"XESFENVALERATE","XPICLORAM","Education.index",0.00354831636611741,TRUE
"XESFENVALERATE","XPICLORAM","Income",0.0871423589399334,FALSE
"XESFENVALERATE","XPICLORAM","home_value",0.0718784559619866,FALSE
"XESFENVALERATE","XPICLORAM","rent",0.00658011272271616,TRUE
"XESFENVALERATE","XPICLORAM","Poverty_150",0.609011508146885,FALSE
"XESFENVALERATE","XPICLORAM","Unemployed",0.543626880691076,FALSE
"XESFENVALERATE","XPICLORAM","Working_class",0.15157011904206,FALSE
"XESFENVALERATE","XPROPARGITE","Education.index",0.0890668902813954,FALSE
"XESFENVALERATE","XPROPARGITE","Income",0.646414413153493,FALSE
"XESFENVALERATE","XPROPARGITE","home_value",0.848982815123977,FALSE
"XESFENVALERATE","XPROPARGITE","rent",0.502589427996092,FALSE
"XESFENVALERATE","XPROPARGITE","Poverty_150",0.472932426373944,FALSE
"XESFENVALERATE","XPROPARGITE","Unemployed",0.162959901812162,FALSE
"XESFENVALERATE","XPROPARGITE","Working_class",0.982656631003043,FALSE
"XESFENVALERATE","XSIMAZINE","Education.index",0.00843362802304772,TRUE
"XESFENVALERATE","XSIMAZINE","Income",0.505327370347547,FALSE
"XESFENVALERATE","XSIMAZINE","home_value",0.465107372041823,FALSE
"XESFENVALERATE","XSIMAZINE","rent",0.134585730068996,FALSE
"XESFENVALERATE","XSIMAZINE","Poverty_150",0.63097945345693,FALSE
"XESFENVALERATE","XSIMAZINE","Unemployed",0.404267973177078,FALSE
"XESFENVALERATE","XSIMAZINE","Working_class",0.41292330749665,FALSE
"XESFENVALERATE","XTEBUPIRIMPHOS","Education.index",0.0173672975871727,TRUE
"XESFENVALERATE","XTEBUPIRIMPHOS","Income",0.0523691509683035,FALSE
"XESFENVALERATE","XTEBUPIRIMPHOS","home_value",0.149012048285295,FALSE
"XESFENVALERATE","XTEBUPIRIMPHOS","rent",0.00424851770217437,TRUE
"XESFENVALERATE","XTEBUPIRIMPHOS","Poverty_150",0.25438539085733,FALSE
"XESFENVALERATE","XTEBUPIRIMPHOS","Unemployed",0.0984190949297634,FALSE
"XESFENVALERATE","XTEBUPIRIMPHOS","Working_class",0.389978263457879,FALSE
"XFENBUCONAZOLE","XACETOCHLOR","Education.index",0.0310450980129284,TRUE
"XFENBUCONAZOLE","XACETOCHLOR","Income",0.0408916124532113,TRUE
"XFENBUCONAZOLE","XACETOCHLOR","home_value",0.0544992276148119,FALSE
"XFENBUCONAZOLE","XACETOCHLOR","rent",0.194041915516953,FALSE
"XFENBUCONAZOLE","XACETOCHLOR","Poverty_150",0.00131328628863133,TRUE
"XFENBUCONAZOLE","XACETOCHLOR","Unemployed",0.703330211160462,FALSE
"XFENBUCONAZOLE","XACETOCHLOR","Working_class",0.567601112573687,FALSE
"XFENBUCONAZOLE","XATRAZINE","Education.index",0.0112951578752777,TRUE
"XFENBUCONAZOLE","XATRAZINE","Income",0.101212564455805,FALSE
"XFENBUCONAZOLE","XATRAZINE","home_value",0.136995944196416,FALSE
"XFENBUCONAZOLE","XATRAZINE","rent",0.301967293031368,FALSE
"XFENBUCONAZOLE","XATRAZINE","Poverty_150",0.000939098802812537,TRUE
"XFENBUCONAZOLE","XATRAZINE","Unemployed",0.61362422903686,FALSE
"XFENBUCONAZOLE","XATRAZINE","Working_class",0.259501596959963,FALSE
"XFENBUCONAZOLE","XDIAZINON","Education.index",0.02433928911294,TRUE
"XFENBUCONAZOLE","XDIAZINON","Income",0.223761694178212,FALSE
"XFENBUCONAZOLE","XDIAZINON","home_value",0.438341354122715,FALSE
"XFENBUCONAZOLE","XDIAZINON","rent",0.354364395633575,FALSE
"XFENBUCONAZOLE","XDIAZINON","Poverty_150",0.0291761194469755,TRUE
"XFENBUCONAZOLE","XDIAZINON","Unemployed",0.892679548672165,FALSE
"XFENBUCONAZOLE","XDIAZINON","Working_class",0.273539954201221,FALSE
"XFENBUCONAZOLE","XESFENVALERATE","Education.index",0.010325081483634,TRUE
"XFENBUCONAZOLE","XESFENVALERATE","Income",0.12024710706162,FALSE
"XFENBUCONAZOLE","XESFENVALERATE","home_value",0.141690310685371,FALSE
"XFENBUCONAZOLE","XESFENVALERATE","rent",0.303962805540025,FALSE
"XFENBUCONAZOLE","XESFENVALERATE","Poverty_150",0.00143444616852194,TRUE
"XFENBUCONAZOLE","XESFENVALERATE","Unemployed",0.71943655831292,FALSE
"XFENBUCONAZOLE","XESFENVALERATE","Working_class",0.256103822377607,FALSE
"XFENBUCONAZOLE","XFLUMIOXAZIN","Education.index",0.00745689844633134,TRUE
"XFENBUCONAZOLE","XFLUMIOXAZIN","Income",0.288153241472885,FALSE
"XFENBUCONAZOLE","XFLUMIOXAZIN","home_value",0.10343100244442,FALSE
"XFENBUCONAZOLE","XFLUMIOXAZIN","rent",0.139152376150808,FALSE
"XFENBUCONAZOLE","XFLUMIOXAZIN","Poverty_150",0.0643416808886356,FALSE
"XFENBUCONAZOLE","XFLUMIOXAZIN","Unemployed",0.0369597182149279,TRUE
"XFENBUCONAZOLE","XFLUMIOXAZIN","Working_class",0.245651609661268,FALSE
"XFENBUCONAZOLE","XGLYPHOSATE","Education.index",0.0139010090216903,TRUE
"XFENBUCONAZOLE","XGLYPHOSATE","Income",0.123061894683167,FALSE
"XFENBUCONAZOLE","XGLYPHOSATE","home_value",0.154975640250465,FALSE
"XFENBUCONAZOLE","XGLYPHOSATE","rent",0.338049036231407,FALSE
"XFENBUCONAZOLE","XGLYPHOSATE","Poverty_150",0.00144448355551419,TRUE
"XFENBUCONAZOLE","XGLYPHOSATE","Unemployed",0.595579388631723,FALSE
"XFENBUCONAZOLE","XGLYPHOSATE","Working_class",0.311865233863321,FALSE
"XFENBUCONAZOLE","XIMIDACLOPRID","Education.index",0.00896715355156847,TRUE
"XFENBUCONAZOLE","XIMIDACLOPRID","Income",0.0961443266094695,FALSE
"XFENBUCONAZOLE","XIMIDACLOPRID","home_value",0.127551452751736,FALSE
"XFENBUCONAZOLE","XIMIDACLOPRID","rent",0.276984730250542,FALSE
"XFENBUCONAZOLE","XIMIDACLOPRID","Poverty_150",0.000982679091083282,TRUE
"XFENBUCONAZOLE","XIMIDACLOPRID","Unemployed",0.594997431547013,FALSE
"XFENBUCONAZOLE","XIMIDACLOPRID","Working_class",0.232481748532415,FALSE
"XFENBUCONAZOLE","XNICOSULFURON","Education.index",0.0200929766663856,TRUE
"XFENBUCONAZOLE","XNICOSULFURON","Income",0.0260342186858609,TRUE
"XFENBUCONAZOLE","XNICOSULFURON","home_value",0.046820522765482,TRUE
"XFENBUCONAZOLE","XNICOSULFURON","rent",0.103442945586401,FALSE
"XFENBUCONAZOLE","XNICOSULFURON","Poverty_150",0.00166756113876553,TRUE
"XFENBUCONAZOLE","XNICOSULFURON","Unemployed",0.686837065688554,FALSE
"XFENBUCONAZOLE","XNICOSULFURON","Working_class",0.18141237910237,FALSE
"XFENBUCONAZOLE","XPICLORAM","Education.index",0.00314308120576779,TRUE
"XFENBUCONAZOLE","XPICLORAM","Income",0.173059595727618,FALSE
"XFENBUCONAZOLE","XPICLORAM","home_value",0.0353711223887338,TRUE
"XFENBUCONAZOLE","XPICLORAM","rent",0.102363083857566,FALSE
"XFENBUCONAZOLE","XPICLORAM","Poverty_150",0.042150066124396,TRUE
"XFENBUCONAZOLE","XPICLORAM","Unemployed",0.734722147465313,FALSE
"XFENBUCONAZOLE","XPICLORAM","Working_class",0.190628085921821,FALSE
"XFENBUCONAZOLE","XPROPARGITE","Education.index",0.242581520246116,FALSE
"XFENBUCONAZOLE","XPROPARGITE","Income",0.906319713035701,FALSE
"XFENBUCONAZOLE","XPROPARGITE","home_value",0.496240335221047,FALSE
"XFENBUCONAZOLE","XPROPARGITE","rent",0.834844567229441,FALSE
"XFENBUCONAZOLE","XPROPARGITE","Poverty_150",0.806239858452375,FALSE
"XFENBUCONAZOLE","XPROPARGITE","Unemployed",0.714837734652732,FALSE
"XFENBUCONAZOLE","XPROPARGITE","Working_class",0.728630081545405,FALSE
"XFENBUCONAZOLE","XSIMAZINE","Education.index",0.396786630444191,FALSE
"XFENBUCONAZOLE","XSIMAZINE","Income",0.512962164751366,FALSE
"XFENBUCONAZOLE","XSIMAZINE","home_value",0.515425889035693,FALSE
"XFENBUCONAZOLE","XSIMAZINE","rent",0.982224923597424,FALSE
"XFENBUCONAZOLE","XSIMAZINE","Poverty_150",0.113024341283457,FALSE
"XFENBUCONAZOLE","XSIMAZINE","Unemployed",0.555706799927188,FALSE
"XFENBUCONAZOLE","XSIMAZINE","Working_class",0.875883429730643,FALSE
"XFENBUCONAZOLE","XTEBUPIRIMPHOS","Education.index",0.808546158506421,FALSE
"XFENBUCONAZOLE","XTEBUPIRIMPHOS","Income",0.363551130248242,FALSE
"XFENBUCONAZOLE","XTEBUPIRIMPHOS","home_value",0.610204002958442,FALSE
"XFENBUCONAZOLE","XTEBUPIRIMPHOS","rent",0.344227496312769,FALSE
"XFENBUCONAZOLE","XTEBUPIRIMPHOS","Poverty_150",0.431515305863099,FALSE
"XFENBUCONAZOLE","XTEBUPIRIMPHOS","Unemployed",0.860104758306535,FALSE
"XFENBUCONAZOLE","XTEBUPIRIMPHOS","Working_class",0.62981453457017,FALSE
"XFLUMIOXAZIN","XACETOCHLOR","Education.index",0.219692955061735,FALSE
"XFLUMIOXAZIN","XACETOCHLOR","Income",0.235797781333803,FALSE
"XFLUMIOXAZIN","XACETOCHLOR","home_value",0.496338631585524,FALSE
"XFLUMIOXAZIN","XACETOCHLOR","rent",0.089821548789452,FALSE
"XFLUMIOXAZIN","XACETOCHLOR","Poverty_150",0.0937080941070074,FALSE
"XFLUMIOXAZIN","XACETOCHLOR","Unemployed",0.170674683115722,FALSE
"XFLUMIOXAZIN","XACETOCHLOR","Working_class",0.539215117950611,FALSE
"XFLUMIOXAZIN","XATRAZINE","Education.index",0.23842868183612,FALSE
"XFLUMIOXAZIN","XATRAZINE","Income",0.243522408689288,FALSE
"XFLUMIOXAZIN","XATRAZINE","home_value",0.509334762212541,FALSE
"XFLUMIOXAZIN","XATRAZINE","rent",0.092855317621585,FALSE
"XFLUMIOXAZIN","XATRAZINE","Poverty_150",0.114951174219089,FALSE
"XFLUMIOXAZIN","XATRAZINE","Unemployed",0.198471128436875,FALSE
"XFLUMIOXAZIN","XATRAZINE","Working_class",0.557177589830495,FALSE
"XFLUMIOXAZIN","XDIAZINON","Education.index",0.376733275940869,FALSE
"XFLUMIOXAZIN","XDIAZINON","Income",0.629376802216746,FALSE
"XFLUMIOXAZIN","XDIAZINON","home_value",0.925621744338303,FALSE
"XFLUMIOXAZIN","XDIAZINON","rent",0.339210588373632,FALSE
"XFLUMIOXAZIN","XDIAZINON","Poverty_150",0.390245802916177,FALSE
"XFLUMIOXAZIN","XDIAZINON","Unemployed",0.527873359445441,FALSE
"XFLUMIOXAZIN","XDIAZINON","Working_class",0.810204266413372,FALSE
"XFLUMIOXAZIN","XESFENVALERATE","Education.index",0.246653492645483,FALSE
"XFLUMIOXAZIN","XESFENVALERATE","Income",0.235339112501036,FALSE
"XFLUMIOXAZIN","XESFENVALERATE","home_value",0.514992806399786,FALSE
"XFLUMIOXAZIN","XESFENVALERATE","rent",0.0952340049524545,FALSE
"XFLUMIOXAZIN","XESFENVALERATE","Poverty_150",0.114748435008553,FALSE
"XFLUMIOXAZIN","XESFENVALERATE","Unemployed",0.192268173576782,FALSE
"XFLUMIOXAZIN","XESFENVALERATE","Working_class",0.544675987319167,FALSE
"XFLUMIOXAZIN","XGLYPHOSATE","Education.index",0.266678601665654,FALSE
"XFLUMIOXAZIN","XGLYPHOSATE","Income",0.262414773153005,FALSE
"XFLUMIOXAZIN","XGLYPHOSATE","home_value",0.518351600202071,FALSE
"XFLUMIOXAZIN","XGLYPHOSATE","rent",0.0855342984038451,FALSE
"XFLUMIOXAZIN","XGLYPHOSATE","Poverty_150",0.1278464239337,FALSE
"XFLUMIOXAZIN","XGLYPHOSATE","Unemployed",0.21799023739977,FALSE
"XFLUMIOXAZIN","XGLYPHOSATE","Working_class",0.573935284859598,FALSE
"XFLUMIOXAZIN","XIMIDACLOPRID","Education.index",0.28781646075367,FALSE
"XFLUMIOXAZIN","XIMIDACLOPRID","Income",0.166927337424947,FALSE
"XFLUMIOXAZIN","XIMIDACLOPRID","home_value",0.359560498219973,FALSE
"XFLUMIOXAZIN","XIMIDACLOPRID","rent",0.0559028984699224,FALSE
"XFLUMIOXAZIN","XIMIDACLOPRID","Poverty_150",0.0835215809417057,FALSE
"XFLUMIOXAZIN","XIMIDACLOPRID","Unemployed",0.149578326524284,FALSE
"XFLUMIOXAZIN","XIMIDACLOPRID","Working_class",0.510014543855223,FALSE
"XFLUMIOXAZIN","XNICOSULFURON","Education.index",0.212164622240231,FALSE
"XFLUMIOXAZIN","XNICOSULFURON","Income",0.236558589231411,FALSE
"XFLUMIOXAZIN","XNICOSULFURON","home_value",0.473088307974535,FALSE
"XFLUMIOXAZIN","XNICOSULFURON","rent",0.114591643451244,FALSE
"XFLUMIOXAZIN","XNICOSULFURON","Poverty_150",0.0723161508818051,FALSE
"XFLUMIOXAZIN","XNICOSULFURON","Unemployed",0.12194944442712,FALSE
"XFLUMIOXAZIN","XNICOSULFURON","Working_class",0.524613434770791,FALSE
"XFLUMIOXAZIN","XPICLORAM","Education.index",0.24789916129249,FALSE
"XFLUMIOXAZIN","XPICLORAM","Income",0.206729042309536,FALSE
"XFLUMIOXAZIN","XPICLORAM","home_value",0.434925878047951,FALSE
"XFLUMIOXAZIN","XPICLORAM","rent",0.0749695967309924,FALSE
"XFLUMIOXAZIN","XPICLORAM","Poverty_150",0.110121358313151,FALSE
"XFLUMIOXAZIN","XPICLORAM","Unemployed",0.189525905562821,FALSE
"XFLUMIOXAZIN","XPICLORAM","Working_class",0.547042730618837,FALSE
"XFLUMIOXAZIN","XSIMAZINE","Education.index",0.188362443060975,FALSE
"XFLUMIOXAZIN","XSIMAZINE","Income",0.355977736800809,FALSE
"XFLUMIOXAZIN","XSIMAZINE","home_value",0.548590414773472,FALSE
"XFLUMIOXAZIN","XSIMAZINE","rent",0.142694359210666,FALSE
"XFLUMIOXAZIN","XSIMAZINE","Poverty_150",0.195120723882261,FALSE
"XFLUMIOXAZIN","XSIMAZINE","Unemployed",0.263140472978329,FALSE
"XFLUMIOXAZIN","XSIMAZINE","Working_class",0.501867495255876,FALSE
"XFLUMIOXAZIN","XTEBUPIRIMPHOS","Education.index",0.242873559457154,FALSE
"XFLUMIOXAZIN","XTEBUPIRIMPHOS","Income",0.305426848799755,FALSE
"XFLUMIOXAZIN","XTEBUPIRIMPHOS","home_value",0.53135386129331,FALSE
"XFLUMIOXAZIN","XTEBUPIRIMPHOS","rent",0.138370365780589,FALSE
"XFLUMIOXAZIN","XTEBUPIRIMPHOS","Poverty_150",0.068295631055552,FALSE
"XFLUMIOXAZIN","XTEBUPIRIMPHOS","Unemployed",0.110564802724432,FALSE
"XFLUMIOXAZIN","XTEBUPIRIMPHOS","Working_class",0.565127461461283,FALSE
"XGLYPHOSATE","XACETOCHLOR","Education.index",0.0949618321596227,FALSE
"XGLYPHOSATE","XACETOCHLOR","Income",0.520625669989556,FALSE
"XGLYPHOSATE","XACETOCHLOR","home_value",0.668574635907881,FALSE
"XGLYPHOSATE","XACETOCHLOR","rent",0.90775984011974,FALSE
"XGLYPHOSATE","XACETOCHLOR","Poverty_150",0.833970683389551,FALSE
"XGLYPHOSATE","XACETOCHLOR","Unemployed",0.15162209038994,FALSE
"XGLYPHOSATE","XACETOCHLOR","Working_class",0.987414764750959,FALSE
"XGLYPHOSATE","XATRAZINE","Education.index",0.00478189794693066,TRUE
"XGLYPHOSATE","XATRAZINE","Income",0.748620827737217,FALSE
"XGLYPHOSATE","XATRAZINE","home_value",0.561827947467669,FALSE
"XGLYPHOSATE","XATRAZINE","rent",0.316594948895794,FALSE
"XGLYPHOSATE","XATRAZINE","Poverty_150",0.616913510379558,FALSE
"XGLYPHOSATE","XATRAZINE","Unemployed",0.248075827922979,FALSE
"XGLYPHOSATE","XATRAZINE","Working_class",0.867814699562444,FALSE
"XGLYPHOSATE","XDIAZINON","Education.index",0.00551147495629776,TRUE
"XGLYPHOSATE","XDIAZINON","Income",0.404438840008988,FALSE
"XGLYPHOSATE","XDIAZINON","home_value",0.443171664773532,FALSE
"XGLYPHOSATE","XDIAZINON","rent",0.220744373529228,FALSE
"XGLYPHOSATE","XDIAZINON","Poverty_150",0.342064575322126,FALSE
"XGLYPHOSATE","XDIAZINON","Unemployed",0.145008351574239,FALSE
"XGLYPHOSATE","XDIAZINON","Working_class",0.946231086133021,FALSE
"XGLYPHOSATE","XESFENVALERATE","Education.index",0.00452323490659521,TRUE
"XGLYPHOSATE","XESFENVALERATE","Income",0.438222046984268,FALSE
"XGLYPHOSATE","XESFENVALERATE","home_value",0.447992420565898,FALSE
"XGLYPHOSATE","XESFENVALERATE","rent",0.155477697964876,FALSE
"XGLYPHOSATE","XESFENVALERATE","Poverty_150",0.458258610145556,FALSE
"XGLYPHOSATE","XESFENVALERATE","Unemployed",0.258291083957994,FALSE
"XGLYPHOSATE","XESFENVALERATE","Working_class",0.683966667942147,FALSE
"XGLYPHOSATE","XFENBUCONAZOLE","Education.index",0.0135100319810929,TRUE
"XGLYPHOSATE","XFENBUCONAZOLE","Income",0.0311658567104152,TRUE
"XGLYPHOSATE","XFENBUCONAZOLE","home_value",0.0734247290528387,FALSE
"XGLYPHOSATE","XFENBUCONAZOLE","rent",0.17737265674514,FALSE
"XGLYPHOSATE","XFENBUCONAZOLE","Poverty_150",0.00246827605954896,TRUE
"XGLYPHOSATE","XFENBUCONAZOLE","Unemployed",0.0940099286588138,FALSE
"XGLYPHOSATE","XFENBUCONAZOLE","Working_class",0.123009218654987,FALSE
"XGLYPHOSATE","XFLUMIOXAZIN","Education.index",0.110001264550516,FALSE
"XGLYPHOSATE","XFLUMIOXAZIN","Income",0.534504100008956,FALSE
"XGLYPHOSATE","XFLUMIOXAZIN","home_value",0.557550296055736,FALSE
"XGLYPHOSATE","XFLUMIOXAZIN","rent",0.250122376276273,FALSE
"XGLYPHOSATE","XFLUMIOXAZIN","Poverty_150",0.464327918411642,FALSE
"XGLYPHOSATE","XFLUMIOXAZIN","Unemployed",0.212752683153186,FALSE
"XGLYPHOSATE","XFLUMIOXAZIN","Working_class",0.443615379861853,FALSE
"XGLYPHOSATE","XIMIDACLOPRID","Education.index",0.0160033986954059,TRUE
"XGLYPHOSATE","XIMIDACLOPRID","Income",0.437014715825027,FALSE
"XGLYPHOSATE","XIMIDACLOPRID","home_value",0.428115055620867,FALSE
"XGLYPHOSATE","XIMIDACLOPRID","rent",0.182050031169316,FALSE
"XGLYPHOSATE","XIMIDACLOPRID","Poverty_150",0.373722533614538,FALSE
"XGLYPHOSATE","XIMIDACLOPRID","Unemployed",0.241949569661914,FALSE
"XGLYPHOSATE","XIMIDACLOPRID","Working_class",0.693806729111614,FALSE
"XGLYPHOSATE","XNICOSULFURON","Education.index",0.0200557669554198,TRUE
"XGLYPHOSATE","XNICOSULFURON","Income",0.938438128194451,FALSE
"XGLYPHOSATE","XNICOSULFURON","home_value",0.889373077579286,FALSE
"XGLYPHOSATE","XNICOSULFURON","rent",0.450036852578023,FALSE
"XGLYPHOSATE","XNICOSULFURON","Poverty_150",0.606850510933529,FALSE
"XGLYPHOSATE","XNICOSULFURON","Unemployed",0.170063803875062,FALSE
"XGLYPHOSATE","XNICOSULFURON","Working_class",0.743083671461574,FALSE
"XGLYPHOSATE","XPICLORAM","Education.index",0.0021643638823987,TRUE
"XGLYPHOSATE","XPICLORAM","Income",0.237769038863218,FALSE
"XGLYPHOSATE","XPICLORAM","home_value",0.269397870305341,FALSE
"XGLYPHOSATE","XPICLORAM","rent",0.122113291387558,FALSE
"XGLYPHOSATE","XPICLORAM","Poverty_150",0.248884066850715,FALSE
"XGLYPHOSATE","XPICLORAM","Unemployed",0.114629338386476,FALSE
"XGLYPHOSATE","XPICLORAM","Working_class",0.508163143119602,FALSE
"XGLYPHOSATE","XPROPARGITE","Education.index",0.0280579728533141,TRUE
"XGLYPHOSATE","XPROPARGITE","Income",0.651933399797923,FALSE
"XGLYPHOSATE","XPROPARGITE","home_value",0.979124040997942,FALSE
"XGLYPHOSATE","XPROPARGITE","rent",0.676857251139025,FALSE
"XGLYPHOSATE","XPROPARGITE","Poverty_150",0.259527262320788,FALSE
"XGLYPHOSATE","XPROPARGITE","Unemployed",0.025567968416384,TRUE
"XGLYPHOSATE","XPROPARGITE","Working_class",0.856316496179453,FALSE
"XGLYPHOSATE","XSIMAZINE","Education.index",0.0172213436679218,TRUE
"XGLYPHOSATE","XSIMAZINE","Income",0.832331860755667,FALSE
"XGLYPHOSATE","XSIMAZINE","home_value",0.865016931935957,FALSE
"XGLYPHOSATE","XSIMAZINE","rent",0.673987657210096,FALSE
"XGLYPHOSATE","XSIMAZINE","Poverty_150",0.705351105187858,FALSE
"XGLYPHOSATE","XSIMAZINE","Unemployed",0.227454181233178,FALSE
"XGLYPHOSATE","XSIMAZINE","Working_class",0.764483125323075,FALSE
"XGLYPHOSATE","XTEBUPIRIMPHOS","Education.index",0.0181259167840895,TRUE
"XGLYPHOSATE","XTEBUPIRIMPHOS","Income",0.264612674046227,FALSE
"XGLYPHOSATE","XTEBUPIRIMPHOS","home_value",0.279461464484108,FALSE
"XGLYPHOSATE","XTEBUPIRIMPHOS","rent",0.0315639390361687,TRUE
"XGLYPHOSATE","XTEBUPIRIMPHOS","Poverty_150",0.25301266841797,FALSE
"XGLYPHOSATE","XTEBUPIRIMPHOS","Unemployed",0.109038515233709,FALSE
"XGLYPHOSATE","XTEBUPIRIMPHOS","Working_class",0.685023275848789,FALSE
"XIMIDACLOPRID","XACETOCHLOR","Education.index",0.0433917084181912,TRUE
"XIMIDACLOPRID","XACETOCHLOR","Income",0.691471919422796,FALSE
"XIMIDACLOPRID","XACETOCHLOR","home_value",0.38122672676182,FALSE
"XIMIDACLOPRID","XACETOCHLOR","rent",0.23092677024784,FALSE
"XIMIDACLOPRID","XACETOCHLOR","Poverty_150",0.673862323941863,FALSE
"XIMIDACLOPRID","XACETOCHLOR","Unemployed",0.330907621139196,FALSE
"XIMIDACLOPRID","XACETOCHLOR","Working_class",0.558038425538603,FALSE
"XIMIDACLOPRID","XATRAZINE","Education.index",0.00526911329445538,TRUE
"XIMIDACLOPRID","XATRAZINE","Income",0.250802551761726,FALSE
"XIMIDACLOPRID","XATRAZINE","home_value",0.167380134574561,FALSE
"XIMIDACLOPRID","XATRAZINE","rent",0.0614926466265792,FALSE
"XIMIDACLOPRID","XATRAZINE","Poverty_150",0.201024229472275,FALSE
"XIMIDACLOPRID","XATRAZINE","Unemployed",0.308105846422661,FALSE
"XIMIDACLOPRID","XATRAZINE","Working_class",0.31656276993588,FALSE
"XIMIDACLOPRID","XDIAZINON","Education.index",0.00132951806319389,TRUE
"XIMIDACLOPRID","XDIAZINON","Income",0.159410269624165,FALSE
"XIMIDACLOPRID","XDIAZINON","home_value",0.0240339907659962,TRUE
"XIMIDACLOPRID","XDIAZINON","rent",0.00680379380590379,TRUE
"XIMIDACLOPRID","XDIAZINON","Poverty_150",0.802483369877076,FALSE
"XIMIDACLOPRID","XDIAZINON","Unemployed",0.64223766256971,FALSE
"XIMIDACLOPRID","XDIAZINON","Working_class",0.0755074624857623,FALSE
"XIMIDACLOPRID","XESFENVALERATE","Education.index",0.00165671716905516,TRUE
"XIMIDACLOPRID","XESFENVALERATE","Income",0.0772068482932818,FALSE
"XIMIDACLOPRID","XESFENVALERATE","home_value",0.0329935463178279,TRUE
"XIMIDACLOPRID","XESFENVALERATE","rent",0.00631561669261273,TRUE
"XIMIDACLOPRID","XESFENVALERATE","Poverty_150",0.363507577068465,FALSE
"XIMIDACLOPRID","XESFENVALERATE","Unemployed",0.983512350834715,FALSE
"XIMIDACLOPRID","XESFENVALERATE","Working_class",0.073685427867714,FALSE
"XIMIDACLOPRID","XFENBUCONAZOLE","Education.index",0.00817481424366642,TRUE
"XIMIDACLOPRID","XFENBUCONAZOLE","Income",0.0255831456786759,TRUE
"XIMIDACLOPRID","XFENBUCONAZOLE","home_value",0.0711209244606572,FALSE
"XIMIDACLOPRID","XFENBUCONAZOLE","rent",0.155659336698423,FALSE
"XIMIDACLOPRID","XFENBUCONAZOLE","Poverty_150",0.00108456251234153,TRUE
"XIMIDACLOPRID","XFENBUCONAZOLE","Unemployed",0.185460433957962,FALSE
"XIMIDACLOPRID","XFENBUCONAZOLE","Working_class",0.0946547778104675,FALSE
"XIMIDACLOPRID","XFLUMIOXAZIN","Education.index",0.0341605010445024,TRUE
"XIMIDACLOPRID","XFLUMIOXAZIN","Income",0.10719478941073,FALSE
"XIMIDACLOPRID","XFLUMIOXAZIN","home_value",0.0949813444237286,FALSE
"XIMIDACLOPRID","XFLUMIOXAZIN","rent",0.0283024141394433,TRUE
"XIMIDACLOPRID","XFLUMIOXAZIN","Poverty_150",0.163876100358393,FALSE
"XIMIDACLOPRID","XFLUMIOXAZIN","Unemployed",0.802245390533691,FALSE
"XIMIDACLOPRID","XFLUMIOXAZIN","Working_class",0.0527176025523949,FALSE
"XIMIDACLOPRID","XGLYPHOSATE","Education.index",0.00228834661769139,TRUE
"XIMIDACLOPRID","XGLYPHOSATE","Income",0.226226841430341,FALSE
"XIMIDACLOPRID","XGLYPHOSATE","home_value",0.15458725645709,FALSE
"XIMIDACLOPRID","XGLYPHOSATE","rent",0.0678432877916379,FALSE
"XIMIDACLOPRID","XGLYPHOSATE","Poverty_150",0.198352897817229,FALSE
"XIMIDACLOPRID","XGLYPHOSATE","Unemployed",0.250274321632556,FALSE
"XIMIDACLOPRID","XGLYPHOSATE","Working_class",0.311294556158801,FALSE
"XIMIDACLOPRID","XNICOSULFURON","Education.index",0.0109075381756778,TRUE
"XIMIDACLOPRID","XNICOSULFURON","Income",0.338726636969075,FALSE
"XIMIDACLOPRID","XNICOSULFURON","home_value",0.126375444758039,FALSE
"XIMIDACLOPRID","XNICOSULFURON","rent",0.0577901332845085,FALSE
"XIMIDACLOPRID","XNICOSULFURON","Poverty_150",0.211120070471027,FALSE
"XIMIDACLOPRID","XNICOSULFURON","Unemployed",0.30519029661084,FALSE
"XIMIDACLOPRID","XNICOSULFURON","Working_class",0.542656808253771,FALSE
"XIMIDACLOPRID","XPICLORAM","Education.index",0.0106863130687668,TRUE
"XIMIDACLOPRID","XPICLORAM","Income",0.334366249251882,FALSE
"XIMIDACLOPRID","XPICLORAM","home_value",0.126337656279409,FALSE
"XIMIDACLOPRID","XPICLORAM","rent",0.0221423238647392,TRUE
"XIMIDACLOPRID","XPICLORAM","Poverty_150",0.963408923801107,FALSE
"XIMIDACLOPRID","XPICLORAM","Unemployed",0.801206529558451,FALSE
"XIMIDACLOPRID","XPICLORAM","Working_class",0.119418484180422,FALSE
"XIMIDACLOPRID","XPROPARGITE","Education.index",0.0293740024019654,TRUE
"XIMIDACLOPRID","XPROPARGITE","Income",0.430428927654865,FALSE
"XIMIDACLOPRID","XPROPARGITE","home_value",0.843944917986231,FALSE
"XIMIDACLOPRID","XPROPARGITE","rent",0.385436543714411,FALSE
"XIMIDACLOPRID","XPROPARGITE","Poverty_150",0.13280298433187,FALSE
"XIMIDACLOPRID","XPROPARGITE","Unemployed",0.00473903558364359,TRUE
"XIMIDACLOPRID","XPROPARGITE","Working_class",0.771114131585097,FALSE
"XIMIDACLOPRID","XSIMAZINE","Education.index",0.000875812936016879,TRUE
"XIMIDACLOPRID","XSIMAZINE","Income",0.128696505448315,FALSE
"XIMIDACLOPRID","XSIMAZINE","home_value",0.0744544199732466,FALSE
"XIMIDACLOPRID","XSIMAZINE","rent",0.0212776719545209,TRUE
"XIMIDACLOPRID","XSIMAZINE","Poverty_150",0.198002492918286,FALSE
"XIMIDACLOPRID","XSIMAZINE","Unemployed",0.762373561148079,FALSE
"XIMIDACLOPRID","XSIMAZINE","Working_class",0.175771906893149,FALSE
"XIMIDACLOPRID","XTEBUPIRIMPHOS","Education.index",0.0252805772286498,TRUE
"XIMIDACLOPRID","XTEBUPIRIMPHOS","Income",0.286615679269186,FALSE
"XIMIDACLOPRID","XTEBUPIRIMPHOS","home_value",0.137598137934884,FALSE
"XIMIDACLOPRID","XTEBUPIRIMPHOS","rent",0.0374889627546809,TRUE
"XIMIDACLOPRID","XTEBUPIRIMPHOS","Poverty_150",0.232234934078898,FALSE
"XIMIDACLOPRID","XTEBUPIRIMPHOS","Unemployed",0.239918238702419,FALSE
"XIMIDACLOPRID","XTEBUPIRIMPHOS","Working_class",0.501465904431452,FALSE
"XNICOSULFURON","XACETOCHLOR","Education.index",0.284305266211472,FALSE
"XNICOSULFURON","XACETOCHLOR","Income",0.515297916107547,FALSE
"XNICOSULFURON","XACETOCHLOR","home_value",0.766569618590075,FALSE
"XNICOSULFURON","XACETOCHLOR","rent",0.854588028433027,FALSE
"XNICOSULFURON","XACETOCHLOR","Poverty_150",0.881712287306103,FALSE
"XNICOSULFURON","XACETOCHLOR","Unemployed",0.0467635987010411,TRUE
"XNICOSULFURON","XACETOCHLOR","Working_class",0.982042160143678,FALSE
"XNICOSULFURON","XATRAZINE","Education.index",0.111563213037765,FALSE
"XNICOSULFURON","XATRAZINE","Income",0.716630575582926,FALSE
"XNICOSULFURON","XATRAZINE","home_value",0.876747826014718,FALSE
"XNICOSULFURON","XATRAZINE","rent",0.651845237836885,FALSE
"XNICOSULFURON","XATRAZINE","Poverty_150",0.852803221367635,FALSE
"XNICOSULFURON","XATRAZINE","Unemployed",0.0997313555672814,FALSE
"XNICOSULFURON","XATRAZINE","Working_class",0.710862065727648,FALSE
"XNICOSULFURON","XDIAZINON","Education.index",0.0306007026046501,TRUE
"XNICOSULFURON","XDIAZINON","Income",0.880996714113815,FALSE
"XNICOSULFURON","XDIAZINON","home_value",0.551859920561951,FALSE
"XNICOSULFURON","XDIAZINON","rent",0.332044695726485,FALSE
"XNICOSULFURON","XDIAZINON","Poverty_150",0.514893210413154,FALSE
"XNICOSULFURON","XDIAZINON","Unemployed",0.137181596084576,FALSE
"XNICOSULFURON","XDIAZINON","Working_class",0.836967525293337,FALSE
"XNICOSULFURON","XESFENVALERATE","Education.index",0.0853382860019116,FALSE
"XNICOSULFURON","XESFENVALERATE","Income",0.877503672539767,FALSE
"XNICOSULFURON","XESFENVALERATE","home_value",0.89481693968798,FALSE
"XNICOSULFURON","XESFENVALERATE","rent",0.484181208589672,FALSE
"XNICOSULFURON","XESFENVALERATE","Poverty_150",0.855673871270217,FALSE
"XNICOSULFURON","XESFENVALERATE","Unemployed",0.121811721552641,FALSE
"XNICOSULFURON","XESFENVALERATE","Working_class",0.860711454728912,FALSE
"XNICOSULFURON","XFENBUCONAZOLE","Education.index",0.0175422988596019,TRUE
"XNICOSULFURON","XFENBUCONAZOLE","Income",0.0204752922784344,TRUE
"XNICOSULFURON","XFENBUCONAZOLE","home_value",0.0458911816535514,TRUE
"XNICOSULFURON","XFENBUCONAZOLE","rent",0.0834096074879557,FALSE
"XNICOSULFURON","XFENBUCONAZOLE","Poverty_150",0.00213031666117107,TRUE
"XNICOSULFURON","XFENBUCONAZOLE","Unemployed",0.246281452731916,FALSE
"XNICOSULFURON","XFENBUCONAZOLE","Working_class",0.0857977288754516,FALSE
"XNICOSULFURON","XFLUMIOXAZIN","Education.index",0.973548109475753,FALSE
"XNICOSULFURON","XFLUMIOXAZIN","Income",0.744408152119522,FALSE
"XNICOSULFURON","XFLUMIOXAZIN","home_value",0.448229934378778,FALSE
"XNICOSULFURON","XFLUMIOXAZIN","rent",0.919292540639431,FALSE
"XNICOSULFURON","XFLUMIOXAZIN","Poverty_150",0.970180105347129,FALSE
"XNICOSULFURON","XFLUMIOXAZIN","Unemployed",0.0739321844259252,FALSE
"XNICOSULFURON","XFLUMIOXAZIN","Working_class",0.965244226972566,FALSE
"XNICOSULFURON","XGLYPHOSATE","Education.index",0.0860208320484868,FALSE
"XNICOSULFURON","XGLYPHOSATE","Income",0.665900313296624,FALSE
"XNICOSULFURON","XGLYPHOSATE","home_value",0.776873243247513,FALSE
"XNICOSULFURON","XGLYPHOSATE","rent",0.78123707130069,FALSE
"XNICOSULFURON","XGLYPHOSATE","Poverty_150",0.887773943368303,FALSE
"XNICOSULFURON","XGLYPHOSATE","Unemployed",0.0727701342997446,FALSE
"XNICOSULFURON","XGLYPHOSATE","Working_class",0.622001667567746,FALSE
"XNICOSULFURON","XIMIDACLOPRID","Education.index",0.301759617074864,FALSE
"XNICOSULFURON","XIMIDACLOPRID","Income",0.951414512145388,FALSE
"XNICOSULFURON","XIMIDACLOPRID","home_value",0.880774625964203,FALSE
"XNICOSULFURON","XIMIDACLOPRID","rent",0.58612994430724,FALSE
"XNICOSULFURON","XIMIDACLOPRID","Poverty_150",0.671974556645197,FALSE
"XNICOSULFURON","XIMIDACLOPRID","Unemployed",0.0463263422170809,TRUE
"XNICOSULFURON","XIMIDACLOPRID","Working_class",0.788116637774024,FALSE
"XNICOSULFURON","XPICLORAM","Education.index",0.100926436472554,FALSE
"XNICOSULFURON","XPICLORAM","Income",0.60793266445995,FALSE
"XNICOSULFURON","XPICLORAM","home_value",0.626724420423622,FALSE
"XNICOSULFURON","XPICLORAM","rent",0.198673452349634,FALSE
"XNICOSULFURON","XPICLORAM","Poverty_150",0.483113783158193,FALSE
"XNICOSULFURON","XPICLORAM","Unemployed",0.0846879108178292,FALSE
"XNICOSULFURON","XPICLORAM","Working_class",0.734204379272114,FALSE
"XNICOSULFURON","XPROPARGITE","Education.index",0.076770856804278,FALSE
"XNICOSULFURON","XPROPARGITE","Income",0.786946443827313,FALSE
"XNICOSULFURON","XPROPARGITE","home_value",0.809011462434056,FALSE
"XNICOSULFURON","XPROPARGITE","rent",0.404444955187751,FALSE
"XNICOSULFURON","XPROPARGITE","Poverty_150",0.295475758349592,FALSE
"XNICOSULFURON","XPROPARGITE","Unemployed",0.210403287963899,FALSE
"XNICOSULFURON","XPROPARGITE","Working_class",0.660737830592838,FALSE
"XNICOSULFURON","XSIMAZINE","Education.index",0.0881248237350644,FALSE
"XNICOSULFURON","XSIMAZINE","Income",0.65409762462692,FALSE
"XNICOSULFURON","XSIMAZINE","home_value",0.88535385482052,FALSE
"XNICOSULFURON","XSIMAZINE","rent",0.777818488935035,FALSE
"XNICOSULFURON","XSIMAZINE","Poverty_150",0.831068187519822,FALSE
"XNICOSULFURON","XSIMAZINE","Unemployed",0.0768003073377527,FALSE
"XNICOSULFURON","XSIMAZINE","Working_class",0.803580532122045,FALSE
"XNICOSULFURON","XTEBUPIRIMPHOS","Education.index",0.160740717280458,FALSE
"XNICOSULFURON","XTEBUPIRIMPHOS","Income",0.475702888687377,FALSE
"XNICOSULFURON","XTEBUPIRIMPHOS","home_value",0.265087052467865,FALSE
"XNICOSULFURON","XTEBUPIRIMPHOS","rent",0.107729522830822,FALSE
"XNICOSULFURON","XTEBUPIRIMPHOS","Poverty_150",0.332595523017403,FALSE
"XNICOSULFURON","XTEBUPIRIMPHOS","Unemployed",0.0189538323916638,TRUE
"XNICOSULFURON","XTEBUPIRIMPHOS","Working_class",0.675858628667595,FALSE
"XPICLORAM","XACETOCHLOR","Education.index",0.0776780037629393,FALSE
"XPICLORAM","XACETOCHLOR","Income",0.515896020596077,FALSE
"XPICLORAM","XACETOCHLOR","home_value",0.458920628214447,FALSE
"XPICLORAM","XACETOCHLOR","rent",0.136534657101606,FALSE
"XPICLORAM","XACETOCHLOR","Poverty_150",0.736442172059744,FALSE
"XPICLORAM","XACETOCHLOR","Unemployed",0.192446375804511,FALSE
"XPICLORAM","XACETOCHLOR","Working_class",0.342167286487554,FALSE
"XPICLORAM","XATRAZINE","Education.index",0.0193053169545192,TRUE
"XPICLORAM","XATRAZINE","Income",0.355067182195351,FALSE
"XPICLORAM","XATRAZINE","home_value",0.62468761292033,FALSE
"XPICLORAM","XATRAZINE","rent",0.119243700966057,FALSE
"XPICLORAM","XATRAZINE","Poverty_150",0.557780895872487,FALSE
"XPICLORAM","XATRAZINE","Unemployed",0.288514790681474,FALSE
"XPICLORAM","XATRAZINE","Working_class",0.434148292315477,FALSE
"XPICLORAM","XDIAZINON","Education.index",0.0049431189039833,TRUE
"XPICLORAM","XDIAZINON","Income",0.271918622862988,FALSE
"XPICLORAM","XDIAZINON","home_value",0.112476403724614,FALSE
"XPICLORAM","XDIAZINON","rent",0.0168867312150048,TRUE
"XPICLORAM","XDIAZINON","Poverty_150",0.944265678174607,FALSE
"XPICLORAM","XDIAZINON","Unemployed",0.788622885601508,FALSE
"XPICLORAM","XDIAZINON","Working_class",0.298780425067182,FALSE
"XPICLORAM","XESFENVALERATE","Education.index",0.00941093309472385,TRUE
"XPICLORAM","XESFENVALERATE","Income",0.129325212115521,FALSE
"XPICLORAM","XESFENVALERATE","home_value",0.206628465840873,FALSE
"XPICLORAM","XESFENVALERATE","rent",0.0208886113974707,TRUE
"XPICLORAM","XESFENVALERATE","Poverty_150",0.751332686924131,FALSE
"XPICLORAM","XESFENVALERATE","Unemployed",0.669172733073437,FALSE
"XPICLORAM","XESFENVALERATE","Working_class",0.253378382080608,FALSE
"XPICLORAM","XFENBUCONAZOLE","Education.index",0.0235863436615744,TRUE
"XPICLORAM","XFENBUCONAZOLE","Income",0.168987563136822,FALSE
"XPICLORAM","XFENBUCONAZOLE","home_value",0.0265042372943853,TRUE
"XPICLORAM","XFENBUCONAZOLE","rent",0.121267171105011,FALSE
"XPICLORAM","XFENBUCONAZOLE","Poverty_150",0.139937723972802,FALSE
"XPICLORAM","XFENBUCONAZOLE","Unemployed",0.617444800772341,FALSE
"XPICLORAM","XFENBUCONAZOLE","Working_class",0.129024770286709,FALSE
"XPICLORAM","XFLUMIOXAZIN","Education.index",0.280855262773908,FALSE
"XPICLORAM","XFLUMIOXAZIN","Income",0.391695959692606,FALSE
"XPICLORAM","XFLUMIOXAZIN","home_value",0.867453302900889,FALSE
"XPICLORAM","XFLUMIOXAZIN","rent",0.562755005063445,FALSE
"XPICLORAM","XFLUMIOXAZIN","Poverty_150",0.139364083261534,FALSE
"XPICLORAM","XFLUMIOXAZIN","Unemployed",0.058834390326116,FALSE
"XPICLORAM","XFLUMIOXAZIN","Working_class",0.700399812272424,FALSE
"XPICLORAM","XGLYPHOSATE","Education.index",0.00706215542132027,TRUE
"XPICLORAM","XGLYPHOSATE","Income",0.221035457718458,FALSE
"XPICLORAM","XGLYPHOSATE","home_value",0.568545549420428,FALSE
"XPICLORAM","XGLYPHOSATE","rent",0.141992375765257,FALSE
"XPICLORAM","XGLYPHOSATE","Poverty_150",0.348850578487967,FALSE
"XPICLORAM","XGLYPHOSATE","Unemployed",0.105210652518112,FALSE
"XPICLORAM","XGLYPHOSATE","Working_class",0.495244512325795,FALSE
"XPICLORAM","XIMIDACLOPRID","Education.index",0.0269133693601314,TRUE
"XPICLORAM","XIMIDACLOPRID","Income",0.174179345050524,FALSE
"XPICLORAM","XIMIDACLOPRID","home_value",0.213004149330712,FALSE
"XPICLORAM","XIMIDACLOPRID","rent",0.0260725772133596,TRUE
"XPICLORAM","XIMIDACLOPRID","Poverty_150",0.741673559012739,FALSE
"XPICLORAM","XIMIDACLOPRID","Unemployed",0.687216739064268,FALSE
"XPICLORAM","XIMIDACLOPRID","Working_class",0.273790215323293,FALSE
"XPICLORAM","XNICOSULFURON","Education.index",0.0272672506368597,TRUE
"XPICLORAM","XNICOSULFURON","Income",0.290323184632802,FALSE
"XPICLORAM","XNICOSULFURON","home_value",0.457734016404915,FALSE
"XPICLORAM","XNICOSULFURON","rent",0.0809041507365249,FALSE
"XPICLORAM","XNICOSULFURON","Poverty_150",0.24642648578061,FALSE
"XPICLORAM","XNICOSULFURON","Unemployed",0.108173197504979,FALSE
"XPICLORAM","XNICOSULFURON","Working_class",0.5056592723386,FALSE
"XPICLORAM","XPROPARGITE","Education.index",0.114258157441134,FALSE
"XPICLORAM","XPROPARGITE","Income",0.882188818783722,FALSE
"XPICLORAM","XPROPARGITE","home_value",0.832862377951892,FALSE
"XPICLORAM","XPROPARGITE","rent",0.557756264094577,FALSE
"XPICLORAM","XPROPARGITE","Poverty_150",0.7493118836753,FALSE
"XPICLORAM","XPROPARGITE","Unemployed",0.19466230025214,FALSE
"XPICLORAM","XPROPARGITE","Working_class",0.921820401750542,FALSE
"XPICLORAM","XSIMAZINE","Education.index",0.0114028816489489,TRUE
"XPICLORAM","XSIMAZINE","Income",0.348512980308857,FALSE
"XPICLORAM","XSIMAZINE","home_value",0.666982629290392,FALSE
"XPICLORAM","XSIMAZINE","rent",0.101104173768352,FALSE
"XPICLORAM","XSIMAZINE","Poverty_150",0.565673900560754,FALSE
"XPICLORAM","XSIMAZINE","Unemployed",0.334282093881313,FALSE
"XPICLORAM","XSIMAZINE","Working_class",0.438833616401458,FALSE
"XPICLORAM","XTEBUPIRIMPHOS","Education.index",0.0227385258277303,TRUE
"XPICLORAM","XTEBUPIRIMPHOS","Income",0.169284454551068,FALSE
"XPICLORAM","XTEBUPIRIMPHOS","home_value",0.110458359753564,FALSE
"XPICLORAM","XTEBUPIRIMPHOS","rent",0.0162171381134132,TRUE
"XPICLORAM","XTEBUPIRIMPHOS","Poverty_150",0.268416949338391,FALSE
"XPICLORAM","XTEBUPIRIMPHOS","Unemployed",0.118570657371927,FALSE
"XPICLORAM","XTEBUPIRIMPHOS","Working_class",0.56575202632187,FALSE
"XPROPARGITE","XACETOCHLOR","Education.index",0.194002929893738,FALSE
"XPROPARGITE","XACETOCHLOR","Income",0.418479677347592,FALSE
"XPROPARGITE","XACETOCHLOR","home_value",0.813058707897858,FALSE
"XPROPARGITE","XACETOCHLOR","rent",0.817520446949248,FALSE
"XPROPARGITE","XACETOCHLOR","Poverty_150",0.214128990710727,FALSE
"XPROPARGITE","XACETOCHLOR","Unemployed",0.0214859895947666,TRUE
"XPROPARGITE","XACETOCHLOR","Working_class",0.88513313324807,FALSE
"XPROPARGITE","XATRAZINE","Education.index",0.0986857109668364,FALSE
"XPROPARGITE","XATRAZINE","Income",0.450737091093594,FALSE
"XPROPARGITE","XATRAZINE","home_value",0.753957354349092,FALSE
"XPROPARGITE","XATRAZINE","rent",0.765694151462981,FALSE
"XPROPARGITE","XATRAZINE","Poverty_150",0.0856519525043768,FALSE
"XPROPARGITE","XATRAZINE","Unemployed",0.00426417336519311,TRUE
"XPROPARGITE","XATRAZINE","Working_class",0.928888308642892,FALSE
"XPROPARGITE","XDIAZINON","Education.index",0.0114382733172972,TRUE
"XPROPARGITE","XDIAZINON","Income",0.149279425061823,FALSE
"XPROPARGITE","XDIAZINON","home_value",0.528476750420466,FALSE
"XPROPARGITE","XDIAZINON","rent",0.351566560579195,FALSE
"XPROPARGITE","XDIAZINON","Poverty_150",0.00604364856955743,TRUE
"XPROPARGITE","XDIAZINON","Unemployed",0.000221353101870812,TRUE
"XPROPARGITE","XDIAZINON","Working_class",0.933403458147035,FALSE
"XPROPARGITE","XESFENVALERATE","Education.index",0.188599905820805,FALSE
"XPROPARGITE","XESFENVALERATE","Income",0.716061620308546,FALSE
"XPROPARGITE","XESFENVALERATE","home_value",0.743104560245787,FALSE
"XPROPARGITE","XESFENVALERATE","rent",0.839328586577057,FALSE
"XPROPARGITE","XESFENVALERATE","Poverty_150",0.171628088701591,FALSE
"XPROPARGITE","XESFENVALERATE","Unemployed",0.0118557488020612,TRUE
"XPROPARGITE","XESFENVALERATE","Working_class",0.948328399738969,FALSE
"XPROPARGITE","XFENBUCONAZOLE","Education.index",0.392696966608172,FALSE
"XPROPARGITE","XFENBUCONAZOLE","Income",0.617763806545789,FALSE
"XPROPARGITE","XFENBUCONAZOLE","home_value",0.291678299346922,FALSE
"XPROPARGITE","XFENBUCONAZOLE","rent",0.474359610332926,FALSE
"XPROPARGITE","XFENBUCONAZOLE","Poverty_150",0.922417552468902,FALSE
"XPROPARGITE","XFENBUCONAZOLE","Unemployed",0.800918133124981,FALSE
"XPROPARGITE","XFENBUCONAZOLE","Working_class",0.395319833552596,FALSE
"XPROPARGITE","XFLUMIOXAZIN","Education.index",0.994670235055298,FALSE
"XPROPARGITE","XFLUMIOXAZIN","Income",0.679775437619068,FALSE
"XPROPARGITE","XFLUMIOXAZIN","home_value",0.353807730742983,FALSE
"XPROPARGITE","XFLUMIOXAZIN","rent",0.264293308740095,FALSE
"XPROPARGITE","XFLUMIOXAZIN","Poverty_150",0.498692777820674,FALSE
"XPROPARGITE","XFLUMIOXAZIN","Unemployed",0.0700780602976139,FALSE
"XPROPARGITE","XFLUMIOXAZIN","Working_class",0.438371543119875,FALSE
"XPROPARGITE","XGLYPHOSATE","Education.index",0.0844998324533913,FALSE
"XPROPARGITE","XGLYPHOSATE","Income",0.425734475175853,FALSE
"XPROPARGITE","XGLYPHOSATE","home_value",0.840746036006438,FALSE
"XPROPARGITE","XGLYPHOSATE","rent",0.817858588866096,FALSE
"XPROPARGITE","XGLYPHOSATE","Poverty_150",0.0650776770973015,FALSE
"XPROPARGITE","XGLYPHOSATE","Unemployed",0.00210932749751683,TRUE
"XPROPARGITE","XGLYPHOSATE","Working_class",0.989450734670907,FALSE
"XPROPARGITE","XIMIDACLOPRID","Education.index",0.0374319066141119,TRUE
"XPROPARGITE","XIMIDACLOPRID","Income",0.177463197457443,FALSE
"XPROPARGITE","XIMIDACLOPRID","home_value",0.624346611087307,FALSE
"XPROPARGITE","XIMIDACLOPRID","rent",0.333178858320431,FALSE
"XPROPARGITE","XIMIDACLOPRID","Poverty_150",0.0128628296564842,TRUE
"XPROPARGITE","XIMIDACLOPRID","Unemployed",0.000641980498181431,TRUE
"XPROPARGITE","XIMIDACLOPRID","Working_class",0.802963475703153,FALSE
"XPROPARGITE","XNICOSULFURON","Education.index",0.141233559701725,FALSE
"XPROPARGITE","XNICOSULFURON","Income",0.379935911781526,FALSE
"XPROPARGITE","XNICOSULFURON","home_value",0.906900917064849,FALSE
"XPROPARGITE","XNICOSULFURON","rent",0.538332070412957,FALSE
"XPROPARGITE","XNICOSULFURON","Poverty_150",0.0542586809064967,FALSE
"XPROPARGITE","XNICOSULFURON","Unemployed",0.0334111772587855,TRUE
"XPROPARGITE","XNICOSULFURON","Working_class",0.634320347507359,FALSE
"XPROPARGITE","XPICLORAM","Education.index",0.0821082050043514,FALSE
"XPROPARGITE","XPICLORAM","Income",0.381988574370819,FALSE
"XPROPARGITE","XPICLORAM","home_value",0.830884293452817,FALSE
"XPROPARGITE","XPICLORAM","rent",0.722864062142799,FALSE
"XPROPARGITE","XPICLORAM","Poverty_150",0.0808572125374407,FALSE
"XPROPARGITE","XPICLORAM","Unemployed",0.00285208502585176,TRUE
"XPROPARGITE","XPICLORAM","Working_class",0.874431449545163,FALSE
"XPROPARGITE","XSIMAZINE","Education.index",0.510652301293063,FALSE
"XPROPARGITE","XSIMAZINE","Income",0.611383220606269,FALSE
"XPROPARGITE","XSIMAZINE","home_value",0.0549050303700447,FALSE
"XPROPARGITE","XSIMAZINE","rent",0.277218085810026,FALSE
"XPROPARGITE","XSIMAZINE","Poverty_150",0.351739803295573,FALSE
"XPROPARGITE","XSIMAZINE","Unemployed",0.114040959182879,FALSE
"XPROPARGITE","XSIMAZINE","Working_class",0.0598396263842971,FALSE
"XPROPARGITE","XTEBUPIRIMPHOS","Education.index",0.104300632268556,FALSE
"XPROPARGITE","XTEBUPIRIMPHOS","Income",0.243737604671448,FALSE
"XPROPARGITE","XTEBUPIRIMPHOS","home_value",0.36997041963311,FALSE
"XPROPARGITE","XTEBUPIRIMPHOS","rent",0.150067114346643,FALSE
"XPROPARGITE","XTEBUPIRIMPHOS","Poverty_150",0.262589804920261,FALSE
"XPROPARGITE","XTEBUPIRIMPHOS","Unemployed",0.0698723421956049,FALSE
"XPROPARGITE","XTEBUPIRIMPHOS","Working_class",0.992849148284544,FALSE
"XSIMAZINE","XACETOCHLOR","Education.index",0.0337509201450794,TRUE
"XSIMAZINE","XACETOCHLOR","Income",0.809904728082497,FALSE
"XSIMAZINE","XACETOCHLOR","home_value",0.574998372757614,FALSE
"XSIMAZINE","XACETOCHLOR","rent",0.271747938835075,FALSE
"XSIMAZINE","XACETOCHLOR","Poverty_150",0.763520108427485,FALSE
"XSIMAZINE","XACETOCHLOR","Unemployed",0.355791045102018,FALSE
"XSIMAZINE","XACETOCHLOR","Working_class",0.666414252654696,FALSE
"XSIMAZINE","XATRAZINE","Education.index",0.00842232061438715,TRUE
"XSIMAZINE","XATRAZINE","Income",0.903800330098914,FALSE
"XSIMAZINE","XATRAZINE","home_value",0.646969480792114,FALSE
"XSIMAZINE","XATRAZINE","rent",0.222763112788216,FALSE
"XSIMAZINE","XATRAZINE","Poverty_150",0.528672344466262,FALSE
"XSIMAZINE","XATRAZINE","Unemployed",0.399058922131773,FALSE
"XSIMAZINE","XATRAZINE","Working_class",0.977328757392489,FALSE
"XSIMAZINE","XDIAZINON","Education.index",0.00167411274698336,TRUE
"XSIMAZINE","XDIAZINON","Income",0.268575238534776,FALSE
"XSIMAZINE","XDIAZINON","home_value",0.177845751208875,FALSE
"XSIMAZINE","XDIAZINON","rent",0.0463711654557278,TRUE
"XSIMAZINE","XDIAZINON","Poverty_150",0.237038755152415,FALSE
"XSIMAZINE","XDIAZINON","Unemployed",0.71771903902253,FALSE
"XSIMAZINE","XDIAZINON","Working_class",0.538122587317461,FALSE
"XSIMAZINE","XESFENVALERATE","Education.index",0.00536166417638174,TRUE
"XSIMAZINE","XESFENVALERATE","Income",0.536912846390373,FALSE
"XSIMAZINE","XESFENVALERATE","home_value",0.379853288432628,FALSE
"XSIMAZINE","XESFENVALERATE","rent",0.110219949312682,FALSE
"XSIMAZINE","XESFENVALERATE","Poverty_150",0.535408795050943,FALSE
"XSIMAZINE","XESFENVALERATE","Unemployed",0.700209701892037,FALSE
"XSIMAZINE","XESFENVALERATE","Working_class",0.516899895613666,FALSE
"XSIMAZINE","XFENBUCONAZOLE","Education.index",0.632481020513685,FALSE
"XSIMAZINE","XFENBUCONAZOLE","Income",0.367300188743858,FALSE
"XSIMAZINE","XFENBUCONAZOLE","home_value",0.862854156233174,FALSE
"XSIMAZINE","XFENBUCONAZOLE","rent",0.989012301247411,FALSE
"XSIMAZINE","XFENBUCONAZOLE","Poverty_150",0.0725839569409271,FALSE
"XSIMAZINE","XFENBUCONAZOLE","Unemployed",0.117289252572339,FALSE
"XSIMAZINE","XFENBUCONAZOLE","Working_class",0.644183291504645,FALSE
"XSIMAZINE","XFLUMIOXAZIN","Education.index",0.0801650029231601,FALSE
"XSIMAZINE","XFLUMIOXAZIN","Income",0.664139445539948,FALSE
"XSIMAZINE","XFLUMIOXAZIN","home_value",0.591537343835015,FALSE
"XSIMAZINE","XFLUMIOXAZIN","rent",0.239819101345648,FALSE
"XSIMAZINE","XFLUMIOXAZIN","Poverty_150",0.88996338773305,FALSE
"XSIMAZINE","XFLUMIOXAZIN","Unemployed",0.556376766590278,FALSE
"XSIMAZINE","XFLUMIOXAZIN","Working_class",0.528349300855874,FALSE
"XSIMAZINE","XGLYPHOSATE","Education.index",0.00964837684125276,TRUE
"XSIMAZINE","XGLYPHOSATE","Income",0.872282557418261,FALSE
"XSIMAZINE","XGLYPHOSATE","home_value",0.99837972312641,FALSE
"XSIMAZINE","XGLYPHOSATE","rent",0.562961570691809,FALSE
"XSIMAZINE","XGLYPHOSATE","Poverty_150",0.646138359917118,FALSE
"XSIMAZINE","XGLYPHOSATE","Unemployed",0.29138351283369,FALSE
"XSIMAZINE","XGLYPHOSATE","Working_class",0.704409359271991,FALSE
"XSIMAZINE","XIMIDACLOPRID","Education.index",0.0112222478356365,TRUE
"XSIMAZINE","XIMIDACLOPRID","Income",0.503676396815927,FALSE
"XSIMAZINE","XIMIDACLOPRID","home_value",0.361299705996824,FALSE
"XSIMAZINE","XIMIDACLOPRID","rent",0.109789363367399,FALSE
"XSIMAZINE","XIMIDACLOPRID","Poverty_150",0.523917437512505,FALSE
"XSIMAZINE","XIMIDACLOPRID","Unemployed",0.562811490822691,FALSE
"XSIMAZINE","XIMIDACLOPRID","Working_class",0.726727055219654,FALSE
"XSIMAZINE","XNICOSULFURON","Education.index",0.00792796095065161,TRUE
"XSIMAZINE","XNICOSULFURON","Income",0.903120773226153,FALSE
"XSIMAZINE","XNICOSULFURON","home_value",0.415532542872068,FALSE
"XSIMAZINE","XNICOSULFURON","rent",0.182234583293947,FALSE
"XSIMAZINE","XNICOSULFURON","Poverty_150",0.363341599280478,FALSE
"XSIMAZINE","XNICOSULFURON","Unemployed",0.240162360873354,FALSE
"XSIMAZINE","XNICOSULFURON","Working_class",0.960852682195848,FALSE
"XSIMAZINE","XPICLORAM","Education.index",0.00291466801688151,TRUE
"XSIMAZINE","XPICLORAM","Income",0.447829741223908,FALSE
"XSIMAZINE","XPICLORAM","home_value",0.205207418352091,FALSE
"XSIMAZINE","XPICLORAM","rent",0.0421119215717469,TRUE
"XSIMAZINE","XPICLORAM","Poverty_150",0.458101819330603,FALSE
"XSIMAZINE","XPICLORAM","Unemployed",0.626008615885596,FALSE
"XSIMAZINE","XPICLORAM","Working_class",0.508119718803916,FALSE
"XSIMAZINE","XPROPARGITE","Education.index",0.0526300880738343,FALSE
"XSIMAZINE","XPROPARGITE","Income",0.850222352700671,FALSE
"XSIMAZINE","XPROPARGITE","home_value",0.355419420069521,FALSE
"XSIMAZINE","XPROPARGITE","rent",0.91947582547681,FALSE
"XSIMAZINE","XPROPARGITE","Poverty_150",0.25580174361736,FALSE
"XSIMAZINE","XPROPARGITE","Unemployed",0.34791316473604,FALSE
"XSIMAZINE","XPROPARGITE","Working_class",0.331259472783848,FALSE
"XSIMAZINE","XTEBUPIRIMPHOS","Education.index",0.0127255661941083,TRUE
"XSIMAZINE","XTEBUPIRIMPHOS","Income",0.554838008916671,FALSE
"XSIMAZINE","XTEBUPIRIMPHOS","home_value",0.18599290953755,FALSE
"XSIMAZINE","XTEBUPIRIMPHOS","rent",0.0517409823436159,FALSE
"XSIMAZINE","XTEBUPIRIMPHOS","Poverty_150",0.329111242773821,FALSE
"XSIMAZINE","XTEBUPIRIMPHOS","Unemployed",0.177616597545468,FALSE
"XSIMAZINE","XTEBUPIRIMPHOS","Working_class",0.823982019883174,FALSE
"XTEBUPIRIMPHOS","XACETOCHLOR","Education.index",0.20006386439077,FALSE
"XTEBUPIRIMPHOS","XACETOCHLOR","Income",0.302845852727157,FALSE
"XTEBUPIRIMPHOS","XACETOCHLOR","home_value",0.504633912941904,FALSE
"XTEBUPIRIMPHOS","XACETOCHLOR","rent",0.0253638815190394,TRUE
"XTEBUPIRIMPHOS","XACETOCHLOR","Poverty_150",0.578515825098895,FALSE
"XTEBUPIRIMPHOS","XACETOCHLOR","Unemployed",0.100249560764326,FALSE
"XTEBUPIRIMPHOS","XACETOCHLOR","Working_class",0.836211292519841,FALSE
"XTEBUPIRIMPHOS","XATRAZINE","Education.index",0.182984819515556,FALSE
"XTEBUPIRIMPHOS","XATRAZINE","Income",0.272933092777328,FALSE
"XTEBUPIRIMPHOS","XATRAZINE","home_value",0.471699991578259,FALSE
"XTEBUPIRIMPHOS","XATRAZINE","rent",0.0213704758975421,TRUE
"XTEBUPIRIMPHOS","XATRAZINE","Poverty_150",0.498048557543923,FALSE
"XTEBUPIRIMPHOS","XATRAZINE","Unemployed",0.0932914293888193,FALSE
"XTEBUPIRIMPHOS","XATRAZINE","Working_class",0.819196296957916,FALSE
"XTEBUPIRIMPHOS","XDIAZINON","Education.index",0.239548192850176,FALSE
"XTEBUPIRIMPHOS","XDIAZINON","Income",0.324620822666747,FALSE
"XTEBUPIRIMPHOS","XDIAZINON","home_value",0.880348409314069,FALSE
"XTEBUPIRIMPHOS","XDIAZINON","rent",0.12225463883777,FALSE
"XTEBUPIRIMPHOS","XDIAZINON","Poverty_150",0.331174258534049,FALSE
"XTEBUPIRIMPHOS","XDIAZINON","Unemployed",0.0769152451477042,FALSE
"XTEBUPIRIMPHOS","XDIAZINON","Working_class",0.940396555340471,FALSE
"XTEBUPIRIMPHOS","XESFENVALERATE","Education.index",0.156506446628135,FALSE
"XTEBUPIRIMPHOS","XESFENVALERATE","Income",0.177508688240638,FALSE
"XTEBUPIRIMPHOS","XESFENVALERATE","home_value",0.42419568497852,FALSE
"XTEBUPIRIMPHOS","XESFENVALERATE","rent",0.0178322973873227,TRUE
"XTEBUPIRIMPHOS","XESFENVALERATE","Poverty_150",0.510692273862823,FALSE
"XTEBUPIRIMPHOS","XESFENVALERATE","Unemployed",0.10695783915099,FALSE
"XTEBUPIRIMPHOS","XESFENVALERATE","Working_class",0.719616802247943,FALSE
"XTEBUPIRIMPHOS","XFENBUCONAZOLE","Education.index",0.563378734349807,FALSE
"XTEBUPIRIMPHOS","XFENBUCONAZOLE","Income",0.0439365868944771,TRUE
"XTEBUPIRIMPHOS","XFENBUCONAZOLE","home_value",0.173641085885061,FALSE
"XTEBUPIRIMPHOS","XFENBUCONAZOLE","rent",0.0162879685775972,TRUE
"XTEBUPIRIMPHOS","XFENBUCONAZOLE","Poverty_150",0.107015100665681,FALSE
"XTEBUPIRIMPHOS","XFENBUCONAZOLE","Unemployed",0.772630452130295,FALSE
"XTEBUPIRIMPHOS","XFENBUCONAZOLE","Working_class",0.742432654388711,FALSE
"XTEBUPIRIMPHOS","XFLUMIOXAZIN","Education.index",0.554097264352641,FALSE
"XTEBUPIRIMPHOS","XFLUMIOXAZIN","Income",0.420096315422975,FALSE
"XTEBUPIRIMPHOS","XFLUMIOXAZIN","home_value",0.799295978086633,FALSE
"XTEBUPIRIMPHOS","XFLUMIOXAZIN","rent",0.164137528184184,FALSE
"XTEBUPIRIMPHOS","XFLUMIOXAZIN","Poverty_150",0.247958182104575,FALSE
"XTEBUPIRIMPHOS","XFLUMIOXAZIN","Unemployed",0.0766204875145248,FALSE
"XTEBUPIRIMPHOS","XFLUMIOXAZIN","Working_class",0.924954427576593,FALSE
"XTEBUPIRIMPHOS","XGLYPHOSATE","Education.index",0.131552288447861,FALSE
"XTEBUPIRIMPHOS","XGLYPHOSATE","Income",0.196689234367037,FALSE
"XTEBUPIRIMPHOS","XGLYPHOSATE","home_value",0.44351646557376,FALSE
"XTEBUPIRIMPHOS","XGLYPHOSATE","rent",0.0209261057243247,TRUE
"XTEBUPIRIMPHOS","XGLYPHOSATE","Poverty_150",0.269770286918921,FALSE
"XTEBUPIRIMPHOS","XGLYPHOSATE","Unemployed",0.0479467963685961,TRUE
"XTEBUPIRIMPHOS","XGLYPHOSATE","Working_class",0.785267526247998,FALSE
"XTEBUPIRIMPHOS","XIMIDACLOPRID","Education.index",0.282646985490699,FALSE
"XTEBUPIRIMPHOS","XIMIDACLOPRID","Income",0.216913331046616,FALSE
"XTEBUPIRIMPHOS","XIMIDACLOPRID","home_value",0.339447472987696,FALSE
"XTEBUPIRIMPHOS","XIMIDACLOPRID","rent",0.0159760262655093,TRUE
"XTEBUPIRIMPHOS","XIMIDACLOPRID","Poverty_150",0.258431851687033,FALSE
"XTEBUPIRIMPHOS","XIMIDACLOPRID","Unemployed",0.029949957262019,TRUE
"XTEBUPIRIMPHOS","XIMIDACLOPRID","Working_class",0.775888362587398,FALSE
"XTEBUPIRIMPHOS","XNICOSULFURON","Education.index",0.186325024953265,FALSE
"XTEBUPIRIMPHOS","XNICOSULFURON","Income",0.286774559136293,FALSE
"XTEBUPIRIMPHOS","XNICOSULFURON","home_value",0.500670115591717,FALSE
"XTEBUPIRIMPHOS","XNICOSULFURON","rent",0.0308487394619617,TRUE
"XTEBUPIRIMPHOS","XNICOSULFURON","Poverty_150",0.441613913832673,FALSE
"XTEBUPIRIMPHOS","XNICOSULFURON","Unemployed",0.0769212890775197,FALSE
"XTEBUPIRIMPHOS","XNICOSULFURON","Working_class",0.818318884484476,FALSE
"XTEBUPIRIMPHOS","XPICLORAM","Education.index",0.214988104074144,FALSE
"XTEBUPIRIMPHOS","XPICLORAM","Income",0.314772358916806,FALSE
"XTEBUPIRIMPHOS","XPICLORAM","home_value",0.494649356503684,FALSE
"XTEBUPIRIMPHOS","XPICLORAM","rent",0.0258228369197381,TRUE
"XTEBUPIRIMPHOS","XPICLORAM","Poverty_150",0.589976640544599,FALSE
"XTEBUPIRIMPHOS","XPICLORAM","Unemployed",0.108662347268207,FALSE
"XTEBUPIRIMPHOS","XPICLORAM","Working_class",0.834760923066515,FALSE
"XTEBUPIRIMPHOS","XPROPARGITE","Education.index",0.0394109947472654,TRUE
"XTEBUPIRIMPHOS","XPROPARGITE","Income",0.125629738637393,FALSE
"XTEBUPIRIMPHOS","XPROPARGITE","home_value",0.129464826354773,FALSE
"XTEBUPIRIMPHOS","XPROPARGITE","rent",0.0132287836529876,TRUE
"XTEBUPIRIMPHOS","XPROPARGITE","Poverty_150",0.820727692822523,FALSE
"XTEBUPIRIMPHOS","XPROPARGITE","Unemployed",0.264460412627494,FALSE
"XTEBUPIRIMPHOS","XPROPARGITE","Working_class",0.389929205629755,FALSE
"XTEBUPIRIMPHOS","XSIMAZINE","Education.index",0.140581815088341,FALSE
"XTEBUPIRIMPHOS","XSIMAZINE","Income",0.402923482076719,FALSE
"XTEBUPIRIMPHOS","XSIMAZINE","home_value",0.544800961782032,FALSE
"XTEBUPIRIMPHOS","XSIMAZINE","rent",0.0747555548169733,FALSE
"XTEBUPIRIMPHOS","XSIMAZINE","Poverty_150",0.435739503553412,FALSE
"XTEBUPIRIMPHOS","XSIMAZINE","Unemployed",0.0628536476165024,FALSE
"XTEBUPIRIMPHOS","XSIMAZINE","Working_class",0.861166459463135,FALSE
