"Pesticide","NULL_Model_Significant","Significant_SES_Count","Pesticide_Significant_After_SES_Adjustment","N","N_SC","N_Time","Filters"
"X24DB",FALSE,2,0,1807,100,21,"GroupFilter=TRUE;MinGroup=10;Top=TRUE;TopPct=0.05;Bottom=FALSE;BottomPct=0.05"
"X6BENZYLADENINE",FALSE,1,0,598,43,21,"GroupFilter=TRUE;MinGroup=10;Top=TRUE;TopPct=0.05;Bottom=FALSE;BottomPct=0.05"
"XABAMECTIN",FALSE,1,1,406,25,21,"GroupFilter=TRUE;MinGroup=10;Top=TRUE;TopPct=0.05;Bottom=FALSE;BottomPct=0.05"
"XACEPHATE",FALSE,1,0,562,36,21,"GroupFilter=TRUE;MinGroup=10;Top=TRUE;TopPct=0.05;Bottom=FALSE;BottomPct=0.05"
"XACIFLUORFEN",FALSE,1,0,962,51,20,"GroupFilter=TRUE;MinGroup=10;Top=TRUE;TopPct=0.05;Bottom=FALSE;BottomPct=0.05"
"XALACHLOR",TRUE,1,7,1903,99,21,"GroupFilter=TRUE;MinGroup=10;Top=TRUE;TopPct=0.05;Bottom=FALSE;BottomPct=0.05"
"XALDICARB",FALSE,2,0,506,29,21,"GroupFilter=TRUE;MinGroup=10;Top=TRUE;TopPct=0.05;Bottom=FALSE;BottomPct=0.05"
"XALUMINUMPHOSPHIDE",FALSE,1,1,53,3,21,"GroupFilter=TRUE;MinGroup=10;Top=TRUE;TopPct=0.05;Bottom=FALSE;BottomPct=0.05"
"XATRAZINE",TRUE,1,7,2013,102,21,"GroupFilter=TRUE;MinGroup=10;Top=TRUE;TopPct=0.05;Bottom=FALSE;BottomPct=0.05"
"XAZINPHOSMETHYL",FALSE,3,0,1775,92,21,"GroupFilter=TRUE;MinGroup=10;Top=TRUE;TopPct=0.05;Bottom=FALSE;BottomPct=0.05"
"XBACILLUSTHURINGIENSIS",FALSE,0,0,885,59,21,"GroupFilter=TRUE;MinGroup=10;Top=TRUE;TopPct=0.05;Bottom=FALSE;BottomPct=0.05"
"XBENFLURALIN",FALSE,0,0,133,12,18,"GroupFilter=TRUE;MinGroup=10;Top=TRUE;TopPct=0.05;Bottom=FALSE;BottomPct=0.05"
"XBENOMYL",FALSE,2,0,961,81,15,"GroupFilter=TRUE;MinGroup=10;Top=TRUE;TopPct=0.05;Bottom=FALSE;BottomPct=0.05"
"XBENSULIDE",FALSE,3,0,913,67,21,"GroupFilter=TRUE;MinGroup=10;Top=TRUE;TopPct=0.05;Bottom=FALSE;BottomPct=0.05"
"XBENTAZONE",TRUE,1,6,1765,92,21,"GroupFilter=TRUE;MinGroup=10;Top=TRUE;TopPct=0.05;Bottom=FALSE;BottomPct=0.05"
"XBIFENTHRIN",FALSE,1,0,1508,99,21,"GroupFilter=TRUE;MinGroup=10;Top=TRUE;TopPct=0.05;Bottom=FALSE;BottomPct=0.05"
"XBROMOXYNIL",FALSE,2,0,1933,99,21,"GroupFilter=TRUE;MinGroup=10;Top=TRUE;TopPct=0.05;Bottom=FALSE;BottomPct=0.05"
"XBUTYLATE",FALSE,0,0,462,45,15,"GroupFilter=TRUE;MinGroup=10;Top=TRUE;TopPct=0.05;Bottom=FALSE;BottomPct=0.05"
"XCALCIUMPOLYSULFIDE",FALSE,3,0,544,30,21,"GroupFilter=TRUE;MinGroup=10;Top=TRUE;TopPct=0.05;Bottom=FALSE;BottomPct=0.05"
"XCAPTAN",FALSE,2,0,1633,89,21,"GroupFilter=TRUE;MinGroup=10;Top=TRUE;TopPct=0.05;Bottom=FALSE;BottomPct=0.05"
"XCARBARYL",TRUE,2,7,2038,103,21,"GroupFilter=TRUE;MinGroup=10;Top=TRUE;TopPct=0.05;Bottom=FALSE;BottomPct=0.05"
"XCARBOFURAN",TRUE,1,5,1728,102,19,"GroupFilter=TRUE;MinGroup=10;Top=TRUE;TopPct=0.05;Bottom=FALSE;BottomPct=0.05"
"XCHLORETHOXYFOS",FALSE,0,0,929,60,19,"GroupFilter=TRUE;MinGroup=10;Top=TRUE;TopPct=0.05;Bottom=FALSE;BottomPct=0.05"
"XCHLORIMURON",FALSE,1,0,983,50,21,"GroupFilter=TRUE;MinGroup=10;Top=TRUE;TopPct=0.05;Bottom=FALSE;BottomPct=0.05"
"XCHLOROPICRIN",FALSE,3,0,479,30,21,"GroupFilter=TRUE;MinGroup=10;Top=TRUE;TopPct=0.05;Bottom=FALSE;BottomPct=0.05"
"XCHLOROTHALONIL",TRUE,3,7,1969,103,21,"GroupFilter=TRUE;MinGroup=10;Top=TRUE;TopPct=0.05;Bottom=FALSE;BottomPct=0.05"
"XCHLORPYRIFOS",TRUE,2,4,2068,104,21,"GroupFilter=TRUE;MinGroup=10;Top=TRUE;TopPct=0.05;Bottom=FALSE;BottomPct=0.05"
"XCHLORSULFURON",FALSE,1,0,658,39,21,"GroupFilter=TRUE;MinGroup=10;Top=TRUE;TopPct=0.05;Bottom=FALSE;BottomPct=0.05"
"XCLETHODIM",TRUE,2,3,1699,99,21,"GroupFilter=TRUE;MinGroup=10;Top=TRUE;TopPct=0.05;Bottom=FALSE;BottomPct=0.05"
"XCLOFENTEZINE",FALSE,0,0,209,18,15,"GroupFilter=TRUE;MinGroup=10;Top=TRUE;TopPct=0.05;Bottom=FALSE;BottomPct=0.05"
"XCLOMAZONE",FALSE,2,0,1454,82,21,"GroupFilter=TRUE;MinGroup=10;Top=TRUE;TopPct=0.05;Bottom=FALSE;BottomPct=0.05"
"XCLOPYRALID",TRUE,1,7,1935,103,21,"GroupFilter=TRUE;MinGroup=10;Top=TRUE;TopPct=0.05;Bottom=FALSE;BottomPct=0.05"
"XCOPPER",FALSE,0,0,329,26,17,"GroupFilter=TRUE;MinGroup=10;Top=TRUE;TopPct=0.05;Bottom=FALSE;BottomPct=0.05"
"XCOPPERHYDROXIDE",FALSE,3,1,1642,84,21,"GroupFilter=TRUE;MinGroup=10;Top=TRUE;TopPct=0.05;Bottom=FALSE;BottomPct=0.05"
"XCOPPEROXYCHLORIDES",FALSE,1,0,418,32,19,"GroupFilter=TRUE;MinGroup=10;Top=TRUE;TopPct=0.05;Bottom=FALSE;BottomPct=0.05"
"XCOPPERSULFATE",FALSE,2,0,1607,95,21,"GroupFilter=TRUE;MinGroup=10;Top=TRUE;TopPct=0.05;Bottom=FALSE;BottomPct=0.05"
"XCUPROUSOXIDE",FALSE,0,0,133,13,18,"GroupFilter=TRUE;MinGroup=10;Top=TRUE;TopPct=0.05;Bottom=FALSE;BottomPct=0.05"
"XCYANAZINE",TRUE,0,6,953,75,16,"GroupFilter=TRUE;MinGroup=10;Top=TRUE;TopPct=0.05;Bottom=FALSE;BottomPct=0.05"
"XCYFLUTHRIN",TRUE,1,7,1582,99,21,"GroupFilter=TRUE;MinGroup=10;Top=TRUE;TopPct=0.05;Bottom=FALSE;BottomPct=0.05"
"XCYHALOTHRINLAMBDA",TRUE,2,7,1706,100,21,"GroupFilter=TRUE;MinGroup=10;Top=TRUE;TopPct=0.05;Bottom=FALSE;BottomPct=0.05"
"XCYPERMETHRIN",FALSE,0,0,154,10,21,"GroupFilter=TRUE;MinGroup=10;Top=TRUE;TopPct=0.05;Bottom=FALSE;BottomPct=0.05"
"XDCPA",FALSE,1,0,659,42,21,"GroupFilter=TRUE;MinGroup=10;Top=TRUE;TopPct=0.05;Bottom=FALSE;BottomPct=0.05"
"XDIAZINON",TRUE,3,7,1730,103,21,"GroupFilter=TRUE;MinGroup=10;Top=TRUE;TopPct=0.05;Bottom=FALSE;BottomPct=0.05"
"XDICAMBA",TRUE,1,5,2049,103,21,"GroupFilter=TRUE;MinGroup=10;Top=TRUE;TopPct=0.05;Bottom=FALSE;BottomPct=0.05"
"XDICHLOBENIL",FALSE,0,0,197,12,19,"GroupFilter=TRUE;MinGroup=10;Top=TRUE;TopPct=0.05;Bottom=FALSE;BottomPct=0.05"
"XDICHLOROPROPENE",FALSE,3,0,743,40,21,"GroupFilter=TRUE;MinGroup=10;Top=TRUE;TopPct=0.05;Bottom=FALSE;BottomPct=0.05"
"XDICHLORPROP",FALSE,1,0,737,51,18,"GroupFilter=TRUE;MinGroup=10;Top=TRUE;TopPct=0.05;Bottom=FALSE;BottomPct=0.05"
"XDICLOFOP",FALSE,1,0,288,27,17,"GroupFilter=TRUE;MinGroup=10;Top=TRUE;TopPct=0.05;Bottom=FALSE;BottomPct=0.05"
"XDICLORAN",FALSE,0,0,134,12,12,"GroupFilter=TRUE;MinGroup=10;Top=TRUE;TopPct=0.05;Bottom=FALSE;BottomPct=0.05"
"XDICOFOL",FALSE,0,0,69,5,20,"GroupFilter=TRUE;MinGroup=10;Top=TRUE;TopPct=0.05;Bottom=FALSE;BottomPct=0.05"
"XDICROTOPHOS",FALSE,3,0,95,5,21,"GroupFilter=TRUE;MinGroup=10;Top=TRUE;TopPct=0.05;Bottom=FALSE;BottomPct=0.05"
"XDIFENZOQUAT",TRUE,0,1,299,19,19,"GroupFilter=TRUE;MinGroup=10;Top=TRUE;TopPct=0.05;Bottom=FALSE;BottomPct=0.05"
"XDIMETHOATE",TRUE,1,2,2021,104,21,"GroupFilter=TRUE;MinGroup=10;Top=TRUE;TopPct=0.05;Bottom=FALSE;BottomPct=0.05"
"XDIQUAT",FALSE,1,0,1144,66,21,"GroupFilter=TRUE;MinGroup=10;Top=TRUE;TopPct=0.05;Bottom=FALSE;BottomPct=0.05"
"XDISULFOTON",FALSE,0,0,567,47,21,"GroupFilter=TRUE;MinGroup=10;Top=TRUE;TopPct=0.05;Bottom=FALSE;BottomPct=0.05"
"XDIURON",TRUE,2,3,1550,83,21,"GroupFilter=TRUE;MinGroup=10;Top=TRUE;TopPct=0.05;Bottom=FALSE;BottomPct=0.05"
"XDODINE",FALSE,3,0,805,56,21,"GroupFilter=TRUE;MinGroup=10;Top=TRUE;TopPct=0.05;Bottom=FALSE;BottomPct=0.05"
"XENDOSULFAN",FALSE,2,0,1591,92,21,"GroupFilter=TRUE;MinGroup=10;Top=TRUE;TopPct=0.05;Bottom=FALSE;BottomPct=0.05"
"XENDOTHAL",FALSE,0,0,58,5,13,"GroupFilter=TRUE;MinGroup=10;Top=TRUE;TopPct=0.05;Bottom=FALSE;BottomPct=0.05"
"XEPTC",TRUE,1,1,1688,96,21,"GroupFilter=TRUE;MinGroup=10;Top=TRUE;TopPct=0.05;Bottom=FALSE;BottomPct=0.05"
"XESFENVALERATE",TRUE,2,7,1961,100,21,"GroupFilter=TRUE;MinGroup=10;Top=TRUE;TopPct=0.05;Bottom=FALSE;BottomPct=0.05"
"XETHALFLURALIN",TRUE,2,4,1729,93,21,"GroupFilter=TRUE;MinGroup=10;Top=TRUE;TopPct=0.05;Bottom=FALSE;BottomPct=0.05"
"XETHEPHON",FALSE,0,0,793,47,21,"GroupFilter=TRUE;MinGroup=10;Top=TRUE;TopPct=0.05;Bottom=FALSE;BottomPct=0.05"
"XETHOPROPHOS",FALSE,1,0,605,36,21,"GroupFilter=TRUE;MinGroup=10;Top=TRUE;TopPct=0.05;Bottom=FALSE;BottomPct=0.05"
"XFENARIMOL",FALSE,3,4,1220,67,21,"GroupFilter=TRUE;MinGroup=10;Top=TRUE;TopPct=0.05;Bottom=FALSE;BottomPct=0.05"
"XFENBUTATINOXIDE",FALSE,0,0,171,13,17,"GroupFilter=TRUE;MinGroup=10;Top=TRUE;TopPct=0.05;Bottom=FALSE;BottomPct=0.05"
"XFENOXAPROP",TRUE,2,6,1188,63,21,"GroupFilter=TRUE;MinGroup=10;Top=TRUE;TopPct=0.05;Bottom=FALSE;BottomPct=0.05"
"XFENPROPATHRIN",FALSE,3,0,121,10,16,"GroupFilter=TRUE;MinGroup=10;Top=TRUE;TopPct=0.05;Bottom=FALSE;BottomPct=0.05"
"XFENTIN",FALSE,2,0,416,29,21,"GroupFilter=TRUE;MinGroup=10;Top=TRUE;TopPct=0.05;Bottom=FALSE;BottomPct=0.05"
"XFERBAM",FALSE,0,0,95,10,12,"GroupFilter=TRUE;MinGroup=10;Top=TRUE;TopPct=0.05;Bottom=FALSE;BottomPct=0.05"
"XFLUAZIFOP",TRUE,0,6,1388,76,21,"GroupFilter=TRUE;MinGroup=10;Top=TRUE;TopPct=0.05;Bottom=FALSE;BottomPct=0.05"
"XFLUOMETURON",FALSE,2,0,95,5,21,"GroupFilter=TRUE;MinGroup=10;Top=TRUE;TopPct=0.05;Bottom=FALSE;BottomPct=0.05"
"XFOMESAFEN",FALSE,1,0,977,49,21,"GroupFilter=TRUE;MinGroup=10;Top=TRUE;TopPct=0.05;Bottom=FALSE;BottomPct=0.05"
"XFORMETANATE",FALSE,2,0,301,20,21,"GroupFilter=TRUE;MinGroup=10;Top=TRUE;TopPct=0.05;Bottom=FALSE;BottomPct=0.05"
"XFOSETYL",FALSE,0,0,256,15,21,"GroupFilter=TRUE;MinGroup=10;Top=TRUE;TopPct=0.05;Bottom=FALSE;BottomPct=0.05"
"XGIBBERELLICACID",FALSE,0,0,592,39,21,"GroupFilter=TRUE;MinGroup=10;Top=TRUE;TopPct=0.05;Bottom=FALSE;BottomPct=0.05"
"XGLYPHOSATE",TRUE,1,7,2114,106,21,"GroupFilter=TRUE;MinGroup=10;Top=TRUE;TopPct=0.05;Bottom=FALSE;BottomPct=0.05"
"XHEXAZINONE",TRUE,1,6,848,43,21,"GroupFilter=TRUE;MinGroup=10;Top=TRUE;TopPct=0.05;Bottom=FALSE;BottomPct=0.05"
"XIMAZAMETHABENZ",FALSE,0,0,335,23,19,"GroupFilter=TRUE;MinGroup=10;Top=TRUE;TopPct=0.05;Bottom=FALSE;BottomPct=0.05"
"XIMAZAPYR",FALSE,0,0,897,62,21,"GroupFilter=TRUE;MinGroup=10;Top=TRUE;TopPct=0.05;Bottom=FALSE;BottomPct=0.05"
"XIMAZAQUIN",FALSE,0,0,990,50,21,"GroupFilter=TRUE;MinGroup=10;Top=TRUE;TopPct=0.05;Bottom=FALSE;BottomPct=0.05"
"XIMAZETHAPYR",TRUE,2,6,1694,89,21,"GroupFilter=TRUE;MinGroup=10;Top=TRUE;TopPct=0.05;Bottom=FALSE;BottomPct=0.05"
"XIPRODIONE",FALSE,1,0,701,42,21,"GroupFilter=TRUE;MinGroup=10;Top=TRUE;TopPct=0.05;Bottom=FALSE;BottomPct=0.05"
"XLACTOFEN",TRUE,0,5,1149,60,21,"GroupFilter=TRUE;MinGroup=10;Top=TRUE;TopPct=0.05;Bottom=FALSE;BottomPct=0.05"
"XLINURON",TRUE,0,2,1188,77,21,"GroupFilter=TRUE;MinGroup=10;Top=TRUE;TopPct=0.05;Bottom=FALSE;BottomPct=0.05"
"XMALATHION",FALSE,2,0,1753,103,21,"GroupFilter=TRUE;MinGroup=10;Top=TRUE;TopPct=0.05;Bottom=FALSE;BottomPct=0.05"
"XMALEICHYDRAZIDE",FALSE,1,0,624,36,21,"GroupFilter=TRUE;MinGroup=10;Top=TRUE;TopPct=0.05;Bottom=FALSE;BottomPct=0.05"
"XMANCOZEB",FALSE,3,2,1958,98,21,"GroupFilter=TRUE;MinGroup=10;Top=TRUE;TopPct=0.05;Bottom=FALSE;BottomPct=0.05"
"XMANEB",FALSE,1,1,332,24,21,"GroupFilter=TRUE;MinGroup=10;Top=TRUE;TopPct=0.05;Bottom=FALSE;BottomPct=0.05"
"XMCPA",FALSE,3,0,1455,85,21,"GroupFilter=TRUE;MinGroup=10;Top=TRUE;TopPct=0.05;Bottom=FALSE;BottomPct=0.05"
"XMCPB",FALSE,0,0,125,10,20,"GroupFilter=TRUE;MinGroup=10;Top=TRUE;TopPct=0.05;Bottom=FALSE;BottomPct=0.05"
"XMECOPROP",FALSE,3,0,76,8,10,"GroupFilter=TRUE;MinGroup=10;Top=TRUE;TopPct=0.05;Bottom=FALSE;BottomPct=0.05"
"XMEPIQUAT",FALSE,4,0,95,5,21,"GroupFilter=TRUE;MinGroup=10;Top=TRUE;TopPct=0.05;Bottom=FALSE;BottomPct=0.05"
"XMETALAXYL",FALSE,2,0,906,75,20,"GroupFilter=TRUE;MinGroup=10;Top=TRUE;TopPct=0.05;Bottom=FALSE;BottomPct=0.05"
"XMETALDEHYDE",FALSE,1,0,106,9,21,"GroupFilter=TRUE;MinGroup=10;Top=TRUE;TopPct=0.05;Bottom=FALSE;BottomPct=0.05"
"XMETAM",FALSE,4,0,670,36,21,"GroupFilter=TRUE;MinGroup=10;Top=TRUE;TopPct=0.05;Bottom=FALSE;BottomPct=0.05"
"XMETHAMIDOPHOS",FALSE,1,0,666,38,20,"GroupFilter=TRUE;MinGroup=10;Top=TRUE;TopPct=0.05;Bottom=FALSE;BottomPct=0.05"
"XMETHIDATHION",FALSE,0,0,182,12,18,"GroupFilter=TRUE;MinGroup=10;Top=TRUE;TopPct=0.05;Bottom=FALSE;BottomPct=0.05"
"XMETHOMYL",FALSE,0,0,1028,58,21,"GroupFilter=TRUE;MinGroup=10;Top=TRUE;TopPct=0.05;Bottom=FALSE;BottomPct=0.05"
"XMETHYLBROMIDE",FALSE,0,0,198,15,21,"GroupFilter=TRUE;MinGroup=10;Top=TRUE;TopPct=0.05;Bottom=FALSE;BottomPct=0.05"
"XMETHYLPARATHION",TRUE,2,2,1554,97,21,"GroupFilter=TRUE;MinGroup=10;Top=TRUE;TopPct=0.05;Bottom=FALSE;BottomPct=0.05"
"XMETIRAM",FALSE,3,0,1407,81,21,"GroupFilter=TRUE;MinGroup=10;Top=TRUE;TopPct=0.05;Bottom=FALSE;BottomPct=0.05"
"XMETOLACHLOR",TRUE,0,7,1664,100,21,"GroupFilter=TRUE;MinGroup=10;Top=TRUE;TopPct=0.05;Bottom=FALSE;BottomPct=0.05"
"XMETRIBUZIN",FALSE,3,0,1954,100,21,"GroupFilter=TRUE;MinGroup=10;Top=TRUE;TopPct=0.05;Bottom=FALSE;BottomPct=0.05"
"XMETSULFURON",FALSE,2,0,1746,97,21,"GroupFilter=TRUE;MinGroup=10;Top=TRUE;TopPct=0.05;Bottom=FALSE;BottomPct=0.05"
"XMSMA",FALSE,0,0,99,7,17,"GroupFilter=TRUE;MinGroup=10;Top=TRUE;TopPct=0.05;Bottom=FALSE;BottomPct=0.05"
"XMYCLOBUTANIL",FALSE,2,0,1823,95,21,"GroupFilter=TRUE;MinGroup=10;Top=TRUE;TopPct=0.05;Bottom=FALSE;BottomPct=0.05"
"XNAPHTHYLACETAMIDE",FALSE,0,0,175,14,20,"GroupFilter=TRUE;MinGroup=10;Top=TRUE;TopPct=0.05;Bottom=FALSE;BottomPct=0.05"
"XNAPHTHYLACETICACID",FALSE,1,0,1051,65,21,"GroupFilter=TRUE;MinGroup=10;Top=TRUE;TopPct=0.05;Bottom=FALSE;BottomPct=0.05"
"XNAPROPAMIDE",FALSE,1,0,880,58,21,"GroupFilter=TRUE;MinGroup=10;Top=TRUE;TopPct=0.05;Bottom=FALSE;BottomPct=0.05"
"XNAPTALAM",FALSE,1,0,308,27,19,"GroupFilter=TRUE;MinGroup=10;Top=TRUE;TopPct=0.05;Bottom=FALSE;BottomPct=0.05"
"XNICOSULFURON",TRUE,0,7,1693,95,21,"GroupFilter=TRUE;MinGroup=10;Top=TRUE;TopPct=0.05;Bottom=FALSE;BottomPct=0.05"
"XNORFLURAZON",TRUE,1,5,500,27,21,"GroupFilter=TRUE;MinGroup=10;Top=TRUE;TopPct=0.05;Bottom=FALSE;BottomPct=0.05"
"XORYZALIN",FALSE,1,0,787,46,21,"GroupFilter=TRUE;MinGroup=10;Top=TRUE;TopPct=0.05;Bottom=FALSE;BottomPct=0.05"
"XOXADIAZON",FALSE,0,0,54,4,21,"GroupFilter=TRUE;MinGroup=10;Top=TRUE;TopPct=0.05;Bottom=FALSE;BottomPct=0.05"
"XOXAMYL",FALSE,1,1,774,46,21,"GroupFilter=TRUE;MinGroup=10;Top=TRUE;TopPct=0.05;Bottom=FALSE;BottomPct=0.05"
"XOXYDEMETONMETHYL",FALSE,0,0,268,14,21,"GroupFilter=TRUE;MinGroup=10;Top=TRUE;TopPct=0.05;Bottom=FALSE;BottomPct=0.05"
"XOXYFLUORFEN",FALSE,1,0,872,49,21,"GroupFilter=TRUE;MinGroup=10;Top=TRUE;TopPct=0.05;Bottom=FALSE;BottomPct=0.05"
"XOXYTETRACYCLINE",FALSE,0,0,223,13,21,"GroupFilter=TRUE;MinGroup=10;Top=TRUE;TopPct=0.05;Bottom=FALSE;BottomPct=0.05"
"XPARAQUAT",TRUE,1,5,2046,103,21,"GroupFilter=TRUE;MinGroup=10;Top=TRUE;TopPct=0.05;Bottom=FALSE;BottomPct=0.05"
"XPENDIMETHALIN",TRUE,1,7,2038,103,21,"GroupFilter=TRUE;MinGroup=10;Top=TRUE;TopPct=0.05;Bottom=FALSE;BottomPct=0.05"
"XPERMETHRIN",TRUE,1,4,2008,103,21,"GroupFilter=TRUE;MinGroup=10;Top=TRUE;TopPct=0.05;Bottom=FALSE;BottomPct=0.05"
"XPETROLEUMDISTILLATE",FALSE,3,0,141,11,21,"GroupFilter=TRUE;MinGroup=10;Top=TRUE;TopPct=0.05;Bottom=FALSE;BottomPct=0.05"
"XPETROLEUMOIL",FALSE,2,0,1878,99,21,"GroupFilter=TRUE;MinGroup=10;Top=TRUE;TopPct=0.05;Bottom=FALSE;BottomPct=0.05"
"XPHORATE",FALSE,2,0,1387,87,20,"GroupFilter=TRUE;MinGroup=10;Top=TRUE;TopPct=0.05;Bottom=FALSE;BottomPct=0.05"
"XPHOSMET",FALSE,2,0,1773,93,21,"GroupFilter=TRUE;MinGroup=10;Top=TRUE;TopPct=0.05;Bottom=FALSE;BottomPct=0.05"
"XPICLORAM",TRUE,2,7,1857,94,21,"GroupFilter=TRUE;MinGroup=10;Top=TRUE;TopPct=0.05;Bottom=FALSE;BottomPct=0.05"
"XPRIMISULFURON",TRUE,0,6,1229,64,21,"GroupFilter=TRUE;MinGroup=10;Top=TRUE;TopPct=0.05;Bottom=FALSE;BottomPct=0.05"
"XPROMETRYN",FALSE,3,0,95,5,21,"GroupFilter=TRUE;MinGroup=10;Top=TRUE;TopPct=0.05;Bottom=FALSE;BottomPct=0.05"
"XPROPACHLOR",FALSE,0,0,514,49,12,"GroupFilter=TRUE;MinGroup=10;Top=TRUE;TopPct=0.05;Bottom=FALSE;BottomPct=0.05"
"XPROPARGITE",TRUE,1,7,762,42,21,"GroupFilter=TRUE;MinGroup=10;Top=TRUE;TopPct=0.05;Bottom=FALSE;BottomPct=0.05"
"XPROPAZINE",FALSE,0,0,53,4,14,"GroupFilter=TRUE;MinGroup=10;Top=TRUE;TopPct=0.05;Bottom=FALSE;BottomPct=0.05"
"XPROPICONAZOLE",FALSE,2,0,1696,92,21,"GroupFilter=TRUE;MinGroup=10;Top=TRUE;TopPct=0.05;Bottom=FALSE;BottomPct=0.05"
"XPROPYZAMIDE",FALSE,0,0,162,12,15,"GroupFilter=TRUE;MinGroup=10;Top=TRUE;TopPct=0.05;Bottom=FALSE;BottomPct=0.05"
"XQUINTOZENE",FALSE,0,0,120,9,21,"GroupFilter=TRUE;MinGroup=10;Top=TRUE;TopPct=0.05;Bottom=FALSE;BottomPct=0.05"
"XQUIZALOFOP",FALSE,2,0,1198,66,21,"GroupFilter=TRUE;MinGroup=10;Top=TRUE;TopPct=0.05;Bottom=FALSE;BottomPct=0.05"
"XSETHOXYDIM",TRUE,1,7,1919,102,21,"GroupFilter=TRUE;MinGroup=10;Top=TRUE;TopPct=0.05;Bottom=FALSE;BottomPct=0.05"
"XSIMAZINE",TRUE,1,7,1752,95,21,"GroupFilter=TRUE;MinGroup=10;Top=TRUE;TopPct=0.05;Bottom=FALSE;BottomPct=0.05"
"XSODIUMCHLORATE",FALSE,0,0,81,6,17,"GroupFilter=TRUE;MinGroup=10;Top=TRUE;TopPct=0.05;Bottom=FALSE;BottomPct=0.05"
"XSTREPTOMYCIN",FALSE,3,0,1082,70,21,"GroupFilter=TRUE;MinGroup=10;Top=TRUE;TopPct=0.05;Bottom=FALSE;BottomPct=0.05"
"XSULFCARBAMIDE",FALSE,0,0,77,6,19,"GroupFilter=TRUE;MinGroup=10;Top=TRUE;TopPct=0.05;Bottom=FALSE;BottomPct=0.05"
"XSULFOSATE",TRUE,0,5,512,49,11,"GroupFilter=TRUE;MinGroup=10;Top=TRUE;TopPct=0.05;Bottom=FALSE;BottomPct=0.05"
"XSULFUR",FALSE,1,0,1347,69,21,"GroupFilter=TRUE;MinGroup=10;Top=TRUE;TopPct=0.05;Bottom=FALSE;BottomPct=0.05"
"XSULFURICACID",FALSE,5,0,347,19,21,"GroupFilter=TRUE;MinGroup=10;Top=TRUE;TopPct=0.05;Bottom=FALSE;BottomPct=0.05"
"XTEBUTHIURON",FALSE,0,0,316,31,17,"GroupFilter=TRUE;MinGroup=10;Top=TRUE;TopPct=0.05;Bottom=FALSE;BottomPct=0.05"
"XTEFLUTHRIN",TRUE,0,4,1372,73,21,"GroupFilter=TRUE;MinGroup=10;Top=TRUE;TopPct=0.05;Bottom=FALSE;BottomPct=0.05"
"XTERBACIL",FALSE,2,0,860,54,21,"GroupFilter=TRUE;MinGroup=10;Top=TRUE;TopPct=0.05;Bottom=FALSE;BottomPct=0.05"
"XTERBUFOS",TRUE,1,7,1527,87,21,"GroupFilter=TRUE;MinGroup=10;Top=TRUE;TopPct=0.05;Bottom=FALSE;BottomPct=0.05"
"XTHIDIAZURON",FALSE,4,0,90,5,20,"GroupFilter=TRUE;MinGroup=10;Top=TRUE;TopPct=0.05;Bottom=FALSE;BottomPct=0.05"
"XTHIFENSULFURON",TRUE,2,4,1624,87,21,"GroupFilter=TRUE;MinGroup=10;Top=TRUE;TopPct=0.05;Bottom=FALSE;BottomPct=0.05"
"XTHIODICARB",TRUE,4,4,201,12,21,"GroupFilter=TRUE;MinGroup=10;Top=TRUE;TopPct=0.05;Bottom=FALSE;BottomPct=0.05"
"XTHIOPHANATEMETHYL",FALSE,4,0,1285,71,21,"GroupFilter=TRUE;MinGroup=10;Top=TRUE;TopPct=0.05;Bottom=FALSE;BottomPct=0.05"
"XTHIRAM",FALSE,1,0,390,30,21,"GroupFilter=TRUE;MinGroup=10;Top=TRUE;TopPct=0.05;Bottom=FALSE;BottomPct=0.05"
"XTRIALLATE",TRUE,0,0,381,21,21,"GroupFilter=TRUE;MinGroup=10;Top=TRUE;TopPct=0.05;Bottom=FALSE;BottomPct=0.05"
"XTRIADIMEFON",FALSE,1,0,387,26,20,"GroupFilter=TRUE;MinGroup=10;Top=TRUE;TopPct=0.05;Bottom=FALSE;BottomPct=0.05"
"XTRIASULFURON",FALSE,0,0,379,24,21,"GroupFilter=TRUE;MinGroup=10;Top=TRUE;TopPct=0.05;Bottom=FALSE;BottomPct=0.05"
"XTRIBENURONMETHYL",FALSE,2,0,1271,74,21,"GroupFilter=TRUE;MinGroup=10;Top=TRUE;TopPct=0.05;Bottom=FALSE;BottomPct=0.05"
"XTRIBUFOS",FALSE,4,0,95,5,21,"GroupFilter=TRUE;MinGroup=10;Top=TRUE;TopPct=0.05;Bottom=FALSE;BottomPct=0.05"
"XTRICLOPYR",FALSE,2,0,1885,103,21,"GroupFilter=TRUE;MinGroup=10;Top=TRUE;TopPct=0.05;Bottom=FALSE;BottomPct=0.05"
"XTRIFLURALIN",FALSE,2,0,2001,103,21,"GroupFilter=TRUE;MinGroup=10;Top=TRUE;TopPct=0.05;Bottom=FALSE;BottomPct=0.05"
"XVINCLOZOLIN",FALSE,0,0,177,13,16,"GroupFilter=TRUE;MinGroup=10;Top=TRUE;TopPct=0.05;Bottom=FALSE;BottomPct=0.05"
"XZETACYPERMETHRIN",TRUE,2,3,1071,93,21,"GroupFilter=TRUE;MinGroup=10;Top=TRUE;TopPct=0.05;Bottom=FALSE;BottomPct=0.05"
"XZINC",FALSE,2,0,244,17,20,"GroupFilter=TRUE;MinGroup=10;Top=TRUE;TopPct=0.05;Bottom=FALSE;BottomPct=0.05"
"XZIRAM",FALSE,2,0,1037,55,21,"GroupFilter=TRUE;MinGroup=10;Top=TRUE;TopPct=0.05;Bottom=FALSE;BottomPct=0.05"
"XDIMETHENAMID",TRUE,0,7,1554,98,20,"GroupFilter=TRUE;MinGroup=10;Top=TRUE;TopPct=0.05;Bottom=FALSE;BottomPct=0.05"
"XFENBUCONAZOLE",TRUE,2,7,359,24,18,"GroupFilter=TRUE;MinGroup=10;Top=TRUE;TopPct=0.05;Bottom=FALSE;BottomPct=0.05"
"XFLUMETSULAM",TRUE,0,6,1121,63,19,"GroupFilter=TRUE;MinGroup=10;Top=TRUE;TopPct=0.05;Bottom=FALSE;BottomPct=0.05"
"XHALOSULFURON",FALSE,0,0,1115,68,18,"GroupFilter=TRUE;MinGroup=10;Top=TRUE;TopPct=0.05;Bottom=FALSE;BottomPct=0.05"
"XPROPAMOCARBHCL",FALSE,1,0,83,8,11,"GroupFilter=TRUE;MinGroup=10;Top=TRUE;TopPct=0.05;Bottom=FALSE;BottomPct=0.05"
"XACETOCHLOR",TRUE,0,7,1453,87,19,"GroupFilter=TRUE;MinGroup=10;Top=TRUE;TopPct=0.05;Bottom=FALSE;BottomPct=0.05"
"XIMIDACLOPRID",TRUE,3,7,1325,80,19,"GroupFilter=TRUE;MinGroup=10;Top=TRUE;TopPct=0.05;Bottom=FALSE;BottomPct=0.05"
"XTEBUCONAZOLE",FALSE,0,0,282,22,19,"GroupFilter=TRUE;MinGroup=10;Top=TRUE;TopPct=0.05;Bottom=FALSE;BottomPct=0.05"
"XCYMOXANIL",FALSE,1,0,398,32,17,"GroupFilter=TRUE;MinGroup=10;Top=TRUE;TopPct=0.05;Bottom=FALSE;BottomPct=0.05"
"XFLUMICLORAC",FALSE,0,0,837,49,18,"GroupFilter=TRUE;MinGroup=10;Top=TRUE;TopPct=0.05;Bottom=FALSE;BottomPct=0.05"
"XFLUTOLANIL",FALSE,0,0,149,15,18,"GroupFilter=TRUE;MinGroup=10;Top=TRUE;TopPct=0.05;Bottom=FALSE;BottomPct=0.05"
"XPROSULFURON",FALSE,0,0,1035,63,18,"GroupFilter=TRUE;MinGroup=10;Top=TRUE;TopPct=0.05;Bottom=FALSE;BottomPct=0.05"
"XPYRITHIOBACSODIUM",FALSE,2,0,76,5,17,"GroupFilter=TRUE;MinGroup=10;Top=TRUE;TopPct=0.05;Bottom=FALSE;BottomPct=0.05"
"XRIMSULFURON",TRUE,1,7,1388,87,18,"GroupFilter=TRUE;MinGroup=10;Top=TRUE;TopPct=0.05;Bottom=FALSE;BottomPct=0.05"
"XTEBUFENOZIDE",FALSE,1,0,83,5,18,"GroupFilter=TRUE;MinGroup=10;Top=TRUE;TopPct=0.05;Bottom=FALSE;BottomPct=0.05"
"XTRIFLUMIZOLE",FALSE,2,0,315,22,18,"GroupFilter=TRUE;MinGroup=10;Top=TRUE;TopPct=0.05;Bottom=FALSE;BottomPct=0.05"
"XGLUFOSINATE",TRUE,0,7,1195,80,17,"GroupFilter=TRUE;MinGroup=10;Top=TRUE;TopPct=0.05;Bottom=FALSE;BottomPct=0.05"
"XMEFENOXAM",FALSE,1,0,745,55,16,"GroupFilter=TRUE;MinGroup=10;Top=TRUE;TopPct=0.05;Bottom=FALSE;BottomPct=0.05"
"XPYRIPROXYFEN",TRUE,0,4,161,12,15,"GroupFilter=TRUE;MinGroup=10;Top=TRUE;TopPct=0.05;Bottom=FALSE;BottomPct=0.05"
"XTEBUPIRIMPHOS",TRUE,1,7,878,55,17,"GroupFilter=TRUE;MinGroup=10;Top=TRUE;TopPct=0.05;Bottom=FALSE;BottomPct=0.05"
"XAVIGLYCINE",TRUE,1,4,281,20,16,"GroupFilter=TRUE;MinGroup=10;Top=TRUE;TopPct=0.05;Bottom=FALSE;BottomPct=0.05"
"XAZOXYSTROBIN",FALSE,2,0,1181,90,16,"GroupFilter=TRUE;MinGroup=10;Top=TRUE;TopPct=0.05;Bottom=FALSE;BottomPct=0.05"
"XCYCLANILIDE",FALSE,2,0,67,5,16,"GroupFilter=TRUE;MinGroup=10;Top=TRUE;TopPct=0.05;Bottom=FALSE;BottomPct=0.05"
"XIMAZAMOX",FALSE,2,1,1165,89,16,"GroupFilter=TRUE;MinGroup=10;Top=TRUE;TopPct=0.05;Bottom=FALSE;BottomPct=0.05"
"XMETAMPOTASSIUM",FALSE,0,0,73,7,13,"GroupFilter=TRUE;MinGroup=10;Top=TRUE;TopPct=0.05;Bottom=FALSE;BottomPct=0.05"
"XPOTASSIUMBICARBONATE",FALSE,0,0,172,15,13,"GroupFilter=TRUE;MinGroup=10;Top=TRUE;TopPct=0.05;Bottom=FALSE;BottomPct=0.05"
"XPYRIDABEN",FALSE,3,0,406,30,16,"GroupFilter=TRUE;MinGroup=10;Top=TRUE;TopPct=0.05;Bottom=FALSE;BottomPct=0.05"
"XSPINOSYN",FALSE,0,0,523,41,16,"GroupFilter=TRUE;MinGroup=10;Top=TRUE;TopPct=0.05;Bottom=FALSE;BottomPct=0.05"
"XSULFENTRAZONE",FALSE,1,0,842,58,16,"GroupFilter=TRUE;MinGroup=10;Top=TRUE;TopPct=0.05;Bottom=FALSE;BottomPct=0.05"
"XTRALKOXYDIM",FALSE,2,0,210,18,15,"GroupFilter=TRUE;MinGroup=10;Top=TRUE;TopPct=0.05;Bottom=FALSE;BottomPct=0.05"
"XCARFENTRAZONEETHYL",FALSE,1,0,894,71,14,"GroupFilter=TRUE;MinGroup=10;Top=TRUE;TopPct=0.05;Bottom=FALSE;BottomPct=0.05"
"XCLORANSULAMMETHYL",FALSE,0,0,698,49,15,"GroupFilter=TRUE;MinGroup=10;Top=TRUE;TopPct=0.05;Bottom=FALSE;BottomPct=0.05"
"XCYPRODINIL",TRUE,0,5,303,22,15,"GroupFilter=TRUE;MinGroup=10;Top=TRUE;TopPct=0.05;Bottom=FALSE;BottomPct=0.05"
"XFIPRONIL",FALSE,0,0,752,55,15,"GroupFilter=TRUE;MinGroup=10;Top=TRUE;TopPct=0.05;Bottom=FALSE;BottomPct=0.05"
"XFLUFENACET",FALSE,0,2,809,59,15,"GroupFilter=TRUE;MinGroup=10;Top=TRUE;TopPct=0.05;Bottom=FALSE;BottomPct=0.05"
"XFLUROXYPYR",TRUE,0,4,340,28,15,"GroupFilter=TRUE;MinGroup=10;Top=TRUE;TopPct=0.05;Bottom=FALSE;BottomPct=0.05"
"XISOXAFLUTOLE",FALSE,0,0,716,54,14,"GroupFilter=TRUE;MinGroup=10;Top=TRUE;TopPct=0.05;Bottom=FALSE;BottomPct=0.05"
"XDIFLUFENZOPYR",TRUE,1,7,1084,84,14,"GroupFilter=TRUE;MinGroup=10;Top=TRUE;TopPct=0.05;Bottom=FALSE;BottomPct=0.05"
"XFENHEXAMID",FALSE,0,0,266,21,14,"GroupFilter=TRUE;MinGroup=10;Top=TRUE;TopPct=0.05;Bottom=FALSE;BottomPct=0.05"
"XFLUDIOXONIL",FALSE,0,0,153,13,13,"GroupFilter=TRUE;MinGroup=10;Top=TRUE;TopPct=0.05;Bottom=FALSE;BottomPct=0.05"
"XKAOLINCLAY",FALSE,0,0,148,12,13,"GroupFilter=TRUE;MinGroup=10;Top=TRUE;TopPct=0.05;Bottom=FALSE;BottomPct=0.05"
"XKRESOXIMMETHYL",FALSE,2,0,284,22,14,"GroupFilter=TRUE;MinGroup=10;Top=TRUE;TopPct=0.05;Bottom=FALSE;BottomPct=0.05"
"XPYMETROZINE",FALSE,2,0,77,7,13,"GroupFilter=TRUE;MinGroup=10;Top=TRUE;TopPct=0.05;Bottom=FALSE;BottomPct=0.05"
"XSULFOSULFURON",FALSE,2,0,177,14,14,"GroupFilter=TRUE;MinGroup=10;Top=TRUE;TopPct=0.05;Bottom=FALSE;BottomPct=0.05"
"XTRIFLOXYSTROBIN",TRUE,1,6,609,51,13,"GroupFilter=TRUE;MinGroup=10;Top=TRUE;TopPct=0.05;Bottom=FALSE;BottomPct=0.05"
"XBACILLUSSUBTILIS",FALSE,0,0,92,9,12,"GroupFilter=TRUE;MinGroup=10;Top=TRUE;TopPct=0.05;Bottom=FALSE;BottomPct=0.05"
"XBIFENAZATE",FALSE,0,0,134,13,11,"GroupFilter=TRUE;MinGroup=10;Top=TRUE;TopPct=0.05;Bottom=FALSE;BottomPct=0.05"
"XCLODINAFOP",FALSE,0,0,68,6,12,"GroupFilter=TRUE;MinGroup=10;Top=TRUE;TopPct=0.05;Bottom=FALSE;BottomPct=0.05"
"XDIMETHENAMIDP",TRUE,2,3,945,81,13,"GroupFilter=TRUE;MinGroup=10;Top=TRUE;TopPct=0.05;Bottom=FALSE;BottomPct=0.05"
"XFLUAZINAM",FALSE,0,0,155,15,11,"GroupFilter=TRUE;MinGroup=10;Top=TRUE;TopPct=0.05;Bottom=FALSE;BottomPct=0.05"
"XINDOXACARB",FALSE,0,0,77,8,12,"GroupFilter=TRUE;MinGroup=10;Top=TRUE;TopPct=0.05;Bottom=FALSE;BottomPct=0.05"
"XPROHEXADIONE",FALSE,2,0,348,30,13,"GroupFilter=TRUE;MinGroup=10;Top=TRUE;TopPct=0.05;Bottom=FALSE;BottomPct=0.05"
"XTHIAMETHOXAM",FALSE,0,0,399,38,12,"GroupFilter=TRUE;MinGroup=10;Top=TRUE;TopPct=0.05;Bottom=FALSE;BottomPct=0.05"
"XFLUCARBAZONE",FALSE,0,0,68,6,12,"GroupFilter=TRUE;MinGroup=10;Top=TRUE;TopPct=0.05;Bottom=FALSE;BottomPct=0.05"
"XFLUMIOXAZIN",TRUE,0,7,579,51,12,"GroupFilter=TRUE;MinGroup=10;Top=TRUE;TopPct=0.05;Bottom=FALSE;BottomPct=0.05"
"XMESOTRIONE",FALSE,0,0,754,68,12,"GroupFilter=TRUE;MinGroup=10;Top=TRUE;TopPct=0.05;Bottom=FALSE;BottomPct=0.05"
"XMETHOXYFENOZIDE",FALSE,2,0,263,25,12,"GroupFilter=TRUE;MinGroup=10;Top=TRUE;TopPct=0.05;Bottom=FALSE;BottomPct=0.05"
"XACETAMIPRID",FALSE,0,0,182,18,11,"GroupFilter=TRUE;MinGroup=10;Top=TRUE;TopPct=0.05;Bottom=FALSE;BottomPct=0.05"
"XFORAMSULFURON",FALSE,0,0,512,49,11,"GroupFilter=TRUE;MinGroup=10;Top=TRUE;TopPct=0.05;Bottom=FALSE;BottomPct=0.05"
"XPYRACLOSTROBIN",FALSE,0,0,598,63,10,"GroupFilter=TRUE;MinGroup=10;Top=TRUE;TopPct=0.05;Bottom=FALSE;BottomPct=0.05"
"XIODOSULFURON",FALSE,0,0,380,40,10,"GroupFilter=TRUE;MinGroup=10;Top=TRUE;TopPct=0.05;Bottom=FALSE;BottomPct=0.05"
