"Pesticide1","Pesticide2","Significant_SES_Count","Pesticide1_Significant_After_SES_Adjustment","N_obs","N_years","N_SC","Filter_Description"
"XACETOCHLOR","XATRAZINE",0,0,1453,19,87,"SC≥10|Top5%"
"XACETOCHLOR","XDIAZINON",0,7,1168,19,87,"SC≥10|Top5%"
"XACETOCHLOR","XESFENVALERATE",0,1,1417,19,87,"SC≥10|Top5%"
"XACETOCHLOR","XFENBUCONAZOLE",1,0,260,18,16,"SC≥10|Top5%"
"XACETOCHLOR","XFLUMIOXAZIN",0,0,660,12,74,"SC≥10|Top5%"
"XACETOCHLOR","XGLYPHOSATE",0,0,1453,19,87,"SC≥10|Top5%"
"XACETOCHLOR","XIMIDACLOPRID",0,7,1138,18,87,"SC≥10|Top5%"
"XACETOCHLOR","XNICOSULFURON",0,0,1350,19,87,"SC≥10|Top5%"
"XACETOCHLOR","XPICLORAM",0,7,1301,19,79,"SC≥10|Top5%"
"XACETOCHLOR","XPROPARGITE",1,1,569,17,79,"SC≥10|Top5%"
"XACETOCHLOR","XSIMAZINE",0,0,1285,19,87,"SC≥10|Top5%"
"XACETOCHLOR","XTEBUPIRIMPHOS",2,0,1042,17,79,"SC≥10|Top5%"
"XATRAZINE","XACETOCHLOR",0,7,1526,19,101,"SC≥10|Top5%"
"XATRAZINE","XDIAZINON",1,7,1682,21,102,"SC≥10|Top5%"
"XATRAZINE","XESFENVALERATE",1,0,1937,21,100,"SC≥10|Top5%"
"XATRAZINE","XFENBUCONAZOLE",3,0,408,18,29,"SC≥10|Top5%"
"XATRAZINE","XFLUMIOXAZIN",1,0,745,12,90,"SC≥10|Top5%"
"XATRAZINE","XGLYPHOSATE",1,0,2013,21,102,"SC≥10|Top5%"
"XATRAZINE","XIMIDACLOPRID",1,6,1492,19,101,"SC≥10|Top5%"
"XATRAZINE","XNICOSULFURON",1,0,1704,21,100,"SC≥10|Top5%"
"XATRAZINE","XPICLORAM",1,7,1831,21,102,"SC≥10|Top5%"
"XATRAZINE","XPROPARGITE",2,0,1040,21,92,"SC≥10|Top5%"
"XATRAZINE","XSIMAZINE",1,0,1737,21,102,"SC≥10|Top5%"
"XATRAZINE","XTEBUPIRIMPHOS",2,0,1045,17,79,"SC≥10|Top5%"
"XDIAZINON","XACETOCHLOR",0,7,1247,19,99,"SC≥10|Top5%"
"XDIAZINON","XATRAZINE",1,0,1697,21,102,"SC≥10|Top5%"
"XDIAZINON","XESFENVALERATE",2,0,1670,21,102,"SC≥10|Top5%"
"XDIAZINON","XFENBUCONAZOLE",2,0,367,18,29,"SC≥10|Top5%"
"XDIAZINON","XFLUMIOXAZIN",0,0,571,12,91,"SC≥10|Top5%"
"XDIAZINON","XGLYPHOSATE",1,0,1730,21,103,"SC≥10|Top5%"
"XDIAZINON","XIMIDACLOPRID",2,0,1294,19,102,"SC≥10|Top5%"
"XDIAZINON","XNICOSULFURON",1,7,1440,21,100,"SC≥10|Top5%"
"XDIAZINON","XPICLORAM",2,7,1524,21,101,"SC≥10|Top5%"
"XDIAZINON","XPROPARGITE",1,7,989,21,94,"SC≥10|Top5%"
"XDIAZINON","XSIMAZINE",1,0,1489,21,103,"SC≥10|Top5%"
"XDIAZINON","XTEBUPIRIMPHOS",1,5,810,14,79,"SC≥10|Top5%"
"XESFENVALERATE","XACETOCHLOR",0,1,1463,19,98,"SC≥10|Top5%"
"XESFENVALERATE","XATRAZINE",2,0,1931,21,99,"SC≥10|Top5%"
"XESFENVALERATE","XDIAZINON",2,7,1698,21,100,"SC≥10|Top5%"
"XESFENVALERATE","XFENBUCONAZOLE",2,0,405,18,29,"SC≥10|Top5%"
"XESFENVALERATE","XFLUMIOXAZIN",0,0,703,12,92,"SC≥10|Top5%"
"XESFENVALERATE","XGLYPHOSATE",1,0,1961,21,100,"SC≥10|Top5%"
"XESFENVALERATE","XIMIDACLOPRID",2,7,1438,19,100,"SC≥10|Top5%"
"XESFENVALERATE","XNICOSULFURON",1,0,1680,21,98,"SC≥10|Top5%"
"XESFENVALERATE","XPICLORAM",2,7,1752,21,99,"SC≥10|Top5%"
"XESFENVALERATE","XPROPARGITE",0,1,1020,21,92,"SC≥10|Top5%"
"XESFENVALERATE","XSIMAZINE",1,0,1719,21,100,"SC≥10|Top5%"
"XESFENVALERATE","XTEBUPIRIMPHOS",2,7,995,17,78,"SC≥10|Top5%"
"XFENBUCONAZOLE","XACETOCHLOR",3,7,270,18,24,"SC≥10|Top5%"
"XFENBUCONAZOLE","XATRAZINE",2,7,359,18,24,"SC≥10|Top5%"
"XFENBUCONAZOLE","XDIAZINON",2,7,330,18,24,"SC≥10|Top5%"
"XFENBUCONAZOLE","XESFENVALERATE",2,7,358,18,24,"SC≥10|Top5%"
"XFENBUCONAZOLE","XFLUMIOXAZIN",2,4,115,11,24,"SC≥10|Top5%"
"XFENBUCONAZOLE","XGLYPHOSATE",2,7,359,18,24,"SC≥10|Top5%"
"XFENBUCONAZOLE","XIMIDACLOPRID",2,7,352,18,24,"SC≥10|Top5%"
"XFENBUCONAZOLE","XNICOSULFURON",4,7,296,18,24,"SC≥10|Top5%"
"XFENBUCONAZOLE","XPICLORAM",3,1,230,18,16,"SC≥10|Top5%"
"XFENBUCONAZOLE","XPROPARGITE",0,0,200,18,24,"SC≥10|Top5%"
"XFENBUCONAZOLE","XSIMAZINE",0,0,289,18,24,"SC≥10|Top5%"
"XFENBUCONAZOLE","XTEBUPIRIMPHOS",0,7,84,16,7,"SC≥10|Top5%"
"XFLUMIOXAZIN","XACETOCHLOR",0,7,579,12,51,"SC≥10|Top5%"
"XFLUMIOXAZIN","XATRAZINE",0,6,579,12,51,"SC≥10|Top5%"
"XFLUMIOXAZIN","XDIAZINON",0,0,403,10,51,"SC≥10|Top5%"
"XFLUMIOXAZIN","XESFENVALERATE",0,7,578,12,51,"SC≥10|Top5%"
"XFLUMIOXAZIN","XGLYPHOSATE",0,7,579,12,51,"SC≥10|Top5%"
"XFLUMIOXAZIN","XIMIDACLOPRID",0,7,512,12,51,"SC≥10|Top5%"
"XFLUMIOXAZIN","XNICOSULFURON",0,4,578,12,51,"SC≥10|Top5%"
"XFLUMIOXAZIN","XPICLORAM",0,7,579,12,51,"SC≥10|Top5%"
"XFLUMIOXAZIN","XSIMAZINE",0,7,564,12,50,"SC≥10|Top5%"
"XFLUMIOXAZIN","XTEBUPIRIMPHOS",0,7,577,12,51,"SC≥10|Top5%"
"XGLYPHOSATE","XACETOCHLOR",0,7,1499,19,101,"SC≥10|Top5%"
"XGLYPHOSATE","XATRAZINE",1,7,2014,21,104,"SC≥10|Top5%"
"XGLYPHOSATE","XDIAZINON",1,7,1810,21,106,"SC≥10|Top5%"
"XGLYPHOSATE","XESFENVALERATE",1,5,1972,21,103,"SC≥10|Top5%"
"XGLYPHOSATE","XFENBUCONAZOLE",3,0,417,18,30,"SC≥10|Top5%"
"XGLYPHOSATE","XFLUMIOXAZIN",0,0,695,12,95,"SC≥10|Top5%"
"XGLYPHOSATE","XIMIDACLOPRID",1,7,1488,19,105,"SC≥10|Top5%"
"XGLYPHOSATE","XNICOSULFURON",1,3,1703,21,102,"SC≥10|Top5%"
"XGLYPHOSATE","XPICLORAM",1,7,1860,21,103,"SC≥10|Top5%"
"XGLYPHOSATE","XPROPARGITE",2,7,1100,21,96,"SC≥10|Top5%"
"XGLYPHOSATE","XSIMAZINE",1,5,1795,21,106,"SC≥10|Top5%"
"XGLYPHOSATE","XTEBUPIRIMPHOS",2,7,1004,17,79,"SC≥10|Top5%"
"XIMIDACLOPRID","XACETOCHLOR",1,7,1005,19,77,"SC≥10|Top5%"
"XIMIDACLOPRID","XATRAZINE",1,0,1282,19,79,"SC≥10|Top5%"
"XIMIDACLOPRID","XDIAZINON",3,0,1213,19,80,"SC≥10|Top5%"
"XIMIDACLOPRID","XESFENVALERATE",3,0,1282,19,80,"SC≥10|Top5%"
"XIMIDACLOPRID","XFENBUCONAZOLE",3,0,397,18,28,"SC≥10|Top5%"
"XIMIDACLOPRID","XFLUMIOXAZIN",2,0,472,12,71,"SC≥10|Top5%"
"XIMIDACLOPRID","XGLYPHOSATE",1,0,1325,19,80,"SC≥10|Top5%"
"XIMIDACLOPRID","XNICOSULFURON",1,3,1029,19,78,"SC≥10|Top5%"
"XIMIDACLOPRID","XPICLORAM",2,7,1119,19,70,"SC≥10|Top5%"
"XIMIDACLOPRID","XPROPARGITE",2,0,730,19,73,"SC≥10|Top5%"
"XIMIDACLOPRID","XSIMAZINE",2,7,1072,19,80,"SC≥10|Top5%"
"XIMIDACLOPRID","XTEBUPIRIMPHOS",2,0,643,17,57,"SC≥10|Top5%"
"XNICOSULFURON","XACETOCHLOR",1,1,1382,19,94,"SC≥10|Top5%"
"XNICOSULFURON","XATRAZINE",0,0,1691,21,95,"SC≥10|Top5%"
"XNICOSULFURON","XDIAZINON",1,7,1408,21,95,"SC≥10|Top5%"
"XNICOSULFURON","XESFENVALERATE",0,7,1671,21,95,"SC≥10|Top5%"
"XNICOSULFURON","XFENBUCONAZOLE",4,7,329,18,27,"SC≥10|Top5%"
"XNICOSULFURON","XFLUMIOXAZIN",0,0,677,12,79,"SC≥10|Top5%"
"XNICOSULFURON","XGLYPHOSATE",0,1,1693,21,95,"SC≥10|Top5%"
"XNICOSULFURON","XIMIDACLOPRID",1,7,1225,19,95,"SC≥10|Top5%"
"XNICOSULFURON","XPICLORAM",0,7,1535,21,94,"SC≥10|Top5%"
"XNICOSULFURON","XPROPARGITE",0,7,797,21,87,"SC≥10|Top5%"
"XNICOSULFURON","XSIMAZINE",0,6,1578,21,95,"SC≥10|Top5%"
"XNICOSULFURON","XTEBUPIRIMPHOS",1,0,1003,17,76,"SC≥10|Top5%"
"XPICLORAM","XACETOCHLOR",0,7,1381,19,93,"SC≥10|Top5%"
"XPICLORAM","XATRAZINE",1,7,1830,21,94,"SC≥10|Top5%"
"XPICLORAM","XDIAZINON",2,7,1505,21,94,"SC≥10|Top5%"
"XPICLORAM","XESFENVALERATE",2,7,1750,21,92,"SC≥10|Top5%"
"XPICLORAM","XFENBUCONAZOLE",2,0,255,18,21,"SC≥10|Top5%"
"XPICLORAM","XFLUMIOXAZIN",0,1,685,12,83,"SC≥10|Top5%"
"XPICLORAM","XGLYPHOSATE",1,6,1857,21,94,"SC≥10|Top5%"
"XPICLORAM","XIMIDACLOPRID",2,7,1320,19,93,"SC≥10|Top5%"
"XPICLORAM","XNICOSULFURON",1,7,1557,21,92,"SC≥10|Top5%"
"XPICLORAM","XPROPARGITE",0,7,972,21,85,"SC≥10|Top5%"
"XPICLORAM","XSIMAZINE",1,7,1580,21,94,"SC≥10|Top5%"
"XPICLORAM","XTEBUPIRIMPHOS",2,7,1051,17,79,"SC≥10|Top5%"
"XPROPARGITE","XACETOCHLOR",1,0,437,18,40,"SC≥10|Top5%"
"XPROPARGITE","XATRAZINE",1,7,758,21,42,"SC≥10|Top5%"
"XPROPARGITE","XDIAZINON",3,7,732,21,42,"SC≥10|Top5%"
"XPROPARGITE","XESFENVALERATE",1,6,710,21,41,"SC≥10|Top5%"
"XPROPARGITE","XFENBUCONAZOLE",0,7,197,18,19,"SC≥10|Top5%"
"XPROPARGITE","XFLUMIOXAZIN",0,0,114,11,32,"SC≥10|Top5%"
"XPROPARGITE","XGLYPHOSATE",1,7,762,21,42,"SC≥10|Top5%"
"XPROPARGITE","XIMIDACLOPRID",3,7,624,19,42,"SC≥10|Top5%"
"XPROPARGITE","XNICOSULFURON",1,0,533,21,40,"SC≥10|Top5%"
"XPROPARGITE","XPICLORAM",1,7,739,21,42,"SC≥10|Top5%"
"XPROPARGITE","XSIMAZINE",0,5,533,21,42,"SC≥10|Top5%"
"XPROPARGITE","XTEBUPIRIMPHOS",0,0,247,14,28,"SC≥10|Top5%"
"XSIMAZINE","XACETOCHLOR",1,0,1316,19,91,"SC≥10|Top5%"
"XSIMAZINE","XATRAZINE",1,0,1701,21,94,"SC≥10|Top5%"
"XSIMAZINE","XDIAZINON",2,7,1481,21,95,"SC≥10|Top5%"
"XSIMAZINE","XESFENVALERATE",1,0,1704,21,94,"SC≥10|Top5%"
"XSIMAZINE","XFENBUCONAZOLE",0,0,333,18,26,"SC≥10|Top5%"
"XSIMAZINE","XFLUMIOXAZIN",0,0,651,12,81,"SC≥10|Top5%"
"XSIMAZINE","XGLYPHOSATE",1,0,1752,21,95,"SC≥10|Top5%"
"XSIMAZINE","XIMIDACLOPRID",1,6,1242,19,94,"SC≥10|Top5%"
"XSIMAZINE","XNICOSULFURON",1,0,1562,21,93,"SC≥10|Top5%"
"XSIMAZINE","XPICLORAM",2,7,1531,21,93,"SC≥10|Top5%"
"XSIMAZINE","XPROPARGITE",0,7,813,21,87,"SC≥10|Top5%"
"XSIMAZINE","XTEBUPIRIMPHOS",1,0,889,17,71,"SC≥10|Top5%"
"XTEBUPIRIMPHOS","XACETOCHLOR",1,0,878,17,55,"SC≥10|Top5%"
"XTEBUPIRIMPHOS","XATRAZINE",1,0,878,17,55,"SC≥10|Top5%"
"XTEBUPIRIMPHOS","XDIAZINON",0,5,603,14,55,"SC≥10|Top5%"
"XTEBUPIRIMPHOS","XESFENVALERATE",1,1,867,17,55,"SC≥10|Top5%"
"XTEBUPIRIMPHOS","XFENBUCONAZOLE",2,0,83,16,6,"SC≥10|Top5%"
"XTEBUPIRIMPHOS","XFLUMIOXAZIN",0,0,589,12,55,"SC≥10|Top5%"
"XTEBUPIRIMPHOS","XGLYPHOSATE",2,0,878,17,55,"SC≥10|Top5%"
"XTEBUPIRIMPHOS","XIMIDACLOPRID",2,7,683,17,55,"SC≥10|Top5%"
"XTEBUPIRIMPHOS","XNICOSULFURON",1,0,869,17,55,"SC≥10|Top5%"
"XTEBUPIRIMPHOS","XPICLORAM",1,7,878,17,55,"SC≥10|Top5%"
"XTEBUPIRIMPHOS","XPROPARGITE",2,0,163,14,47,"SC≥10|Top5%"
"XTEBUPIRIMPHOS","XSIMAZINE",0,1,806,17,55,"SC≥10|Top5%"
