"Pesticide","Adjustment","Effect","P_value","N_obs","N_SC","Effect_Non_Adj","Pvalue_Non_Adj"
"Alachlor","Atrazine",-0.062,"7.07e-01",1903,99,0.2744,"2.25e-03"
"Alachlor","Carbaryl",0.2296,"3.33e-02",1901,99,0.2707,"2.61e-03"
"Alachlor","Chlorothalonil",0.2509,"9.70e-03",1835,99,0.2859,"1.73e-03"
"Alachlor","Clopyralid",0.1397,"2.53e-01",1822,99,0.2734,"3.12e-03"
"Alachlor","Cyfluthrin",0.1096,"4.27e-01",1564,99,0.2607,"1.39e-02"
"Alachlor","Cyhalothrinlambda",0.1427,"3.41e-01",1694,99,0.2689,"6.24e-03"
"Alachlor","Diazinon",0.2117,"5.21e-02",1581,99,0.2796,"6.92e-03"
"Alachlor","Esfenvalerate",0.1657,"2.03e-01",1869,99,0.278,"2.34e-03"
"Alachlor","Glyphosate",-0.0326,"8.27e-01",1903,99,0.2744,"2.25e-03"
"Alachlor","Metolachlor",0.2813,"1.47e-01",1591,99,0.3961,"1.23e-04"
"Alachlor","Nicosulfuron",0.0617,"7.28e-01",1681,98,0.4226,"1.13e-04"
"Alachlor","Pendimethalin",0.2056,"1.31e-01",1903,99,0.2744,"2.25e-03"
"Alachlor","Picloram",0.2372,"1.83e-02",1725,99,0.2781,"3.48e-03"
"Alachlor","Propargite",0.1577,"1.16e-01",929,91,0.07,"4.94e-01"
"Alachlor","Sethoxydim",0.2428,"3.72e-02",1820,99,0.2982,"1.40e-03"
"Alachlor","Simazine",0.13,"3.48e-01",1691,99,0.351,"4.92e-04"
"Alachlor","Terbufos",0.3155,"1.46e-01",1586,99,0.3916,"7.34e-04"
"Alachlor","Dimethenamid",-0.1014,"6.46e-01",1583,99,0.329,"2.19e-03"
"Alachlor","Fenbuconazole",-0.0529,"6.86e-01",389,28,0.0295,"8.21e-01"
"Alachlor","Acetochlor",0.1818,"4.31e-01",1560,99,0.4187,"3.30e-04"
"Alachlor","Imidacloprid",0.2441,"3.35e-02",1470,99,0.2264,"2.38e-02"
"Alachlor","Rimsulfuron",0.0954,"5.86e-01",1464,99,0.3551,"3.01e-03"
"Alachlor","Glufosinate",0.0571,"7.56e-01",1343,97,0.377,"1.51e-03"
"Alachlor","Tebupirimphos",0.233,"4.26e-01",1116,79,0.543,"1.20e-03"
"Alachlor","Diflufenzopyr",0.1227,"5.53e-01",1176,97,0.3742,"5.35e-03"
"Alachlor","Flumioxazin",-0.3439,"2.39e-01",761,85,0.2499,"1.50e-01"
"Atrazine","Alachlor",0.3545,"2.74e-02",1906,102,0.3158,"2.54e-04"
"Atrazine","Carbaryl",0.2991,"4.83e-03",1995,102,0.2836,"6.03e-04"
"Atrazine","Chlorothalonil",0.2617,"3.40e-03",1928,102,0.2967,"3.22e-04"
"Atrazine","Clopyralid",0.1853,"1.04e-01",1903,102,0.2673,"1.74e-03"
"Atrazine","Cyfluthrin",0.2038,"1.58e-01",1582,101,0.2573,"9.30e-03"
"Atrazine","Cyhalothrinlambda",0.2532,"5.96e-02",1711,101,0.2555,"5.26e-03"
"Atrazine","Diazinon",0.2774,"4.84e-03",1682,102,0.3104,"9.89e-04"
"Atrazine","Esfenvalerate",0.1856,"1.55e-01",1937,100,0.2723,"1.59e-03"
"Atrazine","Glyphosate",0.0029,"9.86e-01",2013,102,0.2707,"8.95e-04"
"Atrazine","Metolachlor",0.5135,"1.09e-02",1654,102,0.3719,"4.84e-05"
"Atrazine","Nicosulfuron",0.137,"5.18e-01",1704,100,0.4203,"2.44e-05"
"Atrazine","Pendimethalin",0.2562,"4.57e-02",1997,102,0.2789,"7.00e-04"
"Atrazine","Picloram",0.2601,"4.70e-03",1831,102,0.276,"1.39e-03"
"Atrazine","Propargite",0.1058,"2.75e-01",1040,92,0.0667,"5.03e-01"
"Atrazine","Sethoxydim",0.2789,"1.01e-02",1890,102,0.2776,"1.08e-03"
"Atrazine","Simazine",0.2244,"1.13e-01",1737,102,0.3547,"9.76e-05"
"Atrazine","Terbufos",0.4801,"8.07e-03",1582,99,0.3751,"1.79e-04"
"Atrazine","Dimethenamid",0.3431,"1.23e-01",1554,100,0.3844,"1.94e-04"
"Atrazine","Fenbuconazole",-0.0342,"8.05e-01",408,29,0.0113,"9.36e-01"
"Atrazine","Acetochlor",0.4869,"3.57e-02",1526,101,0.414,"6.11e-05"
"Atrazine","Imidacloprid",0.279,"1.13e-02",1492,101,0.2391,"1.01e-02"
"Atrazine","Rimsulfuron",0.1735,"3.64e-01",1449,101,0.3984,"2.54e-04"
"Atrazine","Glufosinate",0.022,"9.18e-01",1301,99,0.3791,"7.67e-04"
"Atrazine","Tebupirimphos",0.404,"1.42e-01",1045,79,0.482,"6.57e-04"
"Atrazine","Diflufenzopyr",0.5427,"1.61e-02",1189,98,0.4448,"3.19e-04"
"Atrazine","Flumioxazin",-0.2142,"5.03e-01",745,90,0.2781,"1.03e-01"
"Carbaryl","Alachlor",0.1302,"3.84e-01",1898,100,0.3162,"1.16e-02"
"Carbaryl","Atrazine",-0.0024,"9.88e-01",1986,102,0.2783,"2.17e-02"
"Carbaryl","Chlorothalonil",0.2179,"1.07e-01",1954,103,0.3132,"8.91e-03"
"Carbaryl","Clopyralid",0.1594,"2.26e-01",1899,103,0.2774,"2.49e-02"
"Carbaryl","Cyfluthrin",0.1466,"3.32e-01",1603,101,0.2656,"5.36e-02"
"Carbaryl","Cyhalothrinlambda",0.1284,"4.01e-01",1729,102,0.2557,"5.03e-02"
"Carbaryl","Diazinon",0.1814,"2.07e-01",1722,103,0.2674,"4.97e-02"
"Carbaryl","Esfenvalerate",0.0672,"6.52e-01",1968,103,0.2656,"3.27e-02"
"Carbaryl","Glyphosate",-0.0015,"9.92e-01",2038,103,0.2793,"1.74e-02"
"Carbaryl","Metolachlor",0.1193,"4.62e-01",1654,102,0.3729,"5.42e-03"
"Carbaryl","Nicosulfuron",0.0519,"7.52e-01",1704,101,0.4095,"2.39e-03"
"Carbaryl","Pendimethalin",0.1501,"2.95e-01",2014,103,0.2916,"1.46e-02"
"Carbaryl","Picloram",0.2322,"7.72e-02",1826,100,0.2788,"2.79e-02"
"Carbaryl","Propargite",0.2509,"5.31e-02",1036,95,0.2174,"1.03e-01"
"Carbaryl","Sethoxydim",0.1918,"1.62e-01",1902,103,0.2808,"2.61e-02"
"Carbaryl","Simazine",0.0122,"9.40e-01",1768,103,0.3473,"7.32e-03"
"Carbaryl","Terbufos",0.1963,"2.44e-01",1583,99,0.39,"5.83e-03"
"Carbaryl","Dimethenamid",0.1103,"5.32e-01",1541,99,0.3765,"9.41e-03"
"Carbaryl","Fenbuconazole",0.1894,"3.50e-01",407,30,0.3791,"3.78e-02"
"Carbaryl","Acetochlor",0.2362,"1.66e-01",1505,99,0.4629,"1.10e-03"
"Carbaryl","Imidacloprid",0.3642,"1.17e-02",1526,102,0.3533,"7.96e-03"
"Carbaryl","Rimsulfuron",0.0974,"5.54e-01",1471,100,0.3207,"2.90e-02"
"Carbaryl","Glufosinate",0.039,"8.35e-01",1326,101,0.3584,"2.16e-02"
"Carbaryl","Tebupirimphos",0.175,"4.05e-01",1066,79,0.445,"1.19e-02"
"Carbaryl","Diflufenzopyr",0.1454,"4.29e-01",1184,98,0.3478,"3.18e-02"
"Carbaryl","Flumioxazin",0.2376,"3.88e-01",753,94,0.4893,"4.43e-02"
"Chlorothalonil","Alachlor",0.1681,"1.91e-01",1837,101,0.2933,"1.67e-02"
"Chlorothalonil","Atrazine",0.1261,"3.09e-01",1921,102,0.2797,"1.77e-02"
"Chlorothalonil","Carbaryl",0.1987,"1.19e-01",1952,103,0.2659,"2.16e-02"
"Chlorothalonil","Clopyralid",0.2274,"5.73e-02",1831,103,0.2666,"2.88e-02"
"Chlorothalonil","Cyfluthrin",0.2009,"1.40e-01",1546,101,0.2597,"5.36e-02"
"Chlorothalonil","Cyhalothrinlambda",0.1678,"2.12e-01",1674,102,0.2429,"5.96e-02"
"Chlorothalonil","Diazinon",0.1928,"1.37e-01",1660,103,0.2605,"3.48e-02"
"Chlorothalonil","Esfenvalerate",0.085,"5.12e-01",1907,102,0.244,"4.03e-02"
"Chlorothalonil","Glyphosate",0.1409,"2.24e-01",1969,103,0.2654,"2.04e-02"
"Chlorothalonil","Metolachlor",0.1407,"2.97e-01",1605,103,0.3072,"1.84e-02"
"Chlorothalonil","Nicosulfuron",0.1712,"2.00e-01",1642,101,0.3635,"5.93e-03"
"Chlorothalonil","Pendimethalin",0.1732,"1.49e-01",1959,103,0.2697,"1.91e-02"
"Chlorothalonil","Picloram",0.2466,"6.15e-02",1746,101,0.2807,"3.18e-02"
"Chlorothalonil","Propargite",0.2946,"1.98e-02",1026,94,0.221,"8.68e-02"
"Chlorothalonil","Sethoxydim",0.1454,"2.36e-01",1845,103,0.2216,"6.59e-02"
"Chlorothalonil","Simazine",0.154,"2.52e-01",1706,103,0.3256,"1.28e-02"
"Chlorothalonil","Terbufos",0.2326,"1.03e-01",1523,99,0.3557,"1.01e-02"
"Chlorothalonil","Dimethenamid",0.2152,"1.42e-01",1487,100,0.355,"1.30e-02"
"Chlorothalonil","Fenbuconazole",0.0619,"6.65e-01",403,29,0.1869,"1.72e-01"
"Chlorothalonil","Acetochlor",0.249,"8.36e-02",1460,100,0.3799,"7.23e-03"
"Chlorothalonil","Imidacloprid",0.2911,"4.14e-02",1514,102,0.2663,"4.12e-02"
"Chlorothalonil","Rimsulfuron",0.2262,"1.31e-01",1410,100,0.3414,"2.12e-02"
"Chlorothalonil","Glufosinate",0.2758,"7.99e-02",1276,101,0.3677,"1.99e-02"
"Chlorothalonil","Tebupirimphos",0.2201,"2.88e-01",1014,79,0.4492,"1.64e-02"
"Chlorothalonil","Diflufenzopyr",0.2513,"1.36e-01",1124,98,0.3616,"2.80e-02"
"Chlorothalonil","Flumioxazin",0.3302,"1.85e-01",716,93,0.4408,"7.12e-02"
"Clopyralid","Alachlor",0.255,"6.46e-02",1804,100,0.3547,"1.63e-03"
"Clopyralid","Atrazine",0.1404,"3.14e-01",1900,102,0.3203,"2.63e-03"
"Clopyralid","Carbaryl",0.2755,"1.64e-02",1903,102,0.3223,"2.53e-03"
"Clopyralid","Chlorothalonil",0.3187,"3.30e-03",1843,102,0.3481,"1.19e-03"
"Clopyralid","Cyfluthrin",0.1073,"4.97e-01",1538,101,0.2644,"3.51e-02"
"Clopyralid","Cyhalothrinlambda",0.2397,"9.73e-02",1678,102,0.3018,"1.01e-02"
"Clopyralid","Diazinon",0.3166,"6.65e-03",1619,102,0.3524,"2.14e-03"
"Clopyralid","Esfenvalerate",0.2082,"9.31e-02",1847,101,0.3171,"3.57e-03"
"Clopyralid","Glyphosate",0.0416,"7.79e-01",1935,103,0.3174,"2.64e-03"
"Clopyralid","Metolachlor",0.289,"5.40e-02",1564,101,0.4263,"3.71e-04"
"Clopyralid","Nicosulfuron",0.1896,"2.39e-01",1614,100,0.4493,"3.36e-04"
"Clopyralid","Pendimethalin",0.2365,"5.67e-02",1916,103,0.3237,"2.22e-03"
"Clopyralid","Picloram",0.3656,"3.14e-03",1755,93,0.387,"1.13e-03"
"Clopyralid","Propargite",0.2519,"9.01e-02",1014,94,0.098,"5.02e-01"
"Clopyralid","Sethoxydim",0.2402,"5.84e-02",1804,102,0.3146,"4.68e-03"
"Clopyralid","Simazine",0.2251,"9.44e-02",1651,103,0.3998,"6.62e-04"
"Clopyralid","Terbufos",0.2985,"7.54e-02",1497,99,0.4265,"1.68e-03"
"Clopyralid","Dimethenamid",0.1514,"4.30e-01",1478,99,0.422,"2.07e-03"
"Clopyralid","Fenbuconazole",0.0781,"6.12e-01",385,29,0.0065,"9.66e-01"
"Clopyralid","Acetochlor",0.1833,"3.32e-01",1470,100,0.4367,"1.24e-03"
"Clopyralid","Imidacloprid",0.1521,"2.28e-01",1467,103,0.183,"1.16e-01"
"Clopyralid","Rimsulfuron",0.1303,"4.93e-01",1421,103,0.3905,"3.74e-03"
"Clopyralid","Glufosinate",-0.0105,"9.57e-01",1258,100,0.3528,"1.24e-02"
"Clopyralid","Tebupirimphos",0.2285,"4.90e-01",1012,79,0.708,"2.73e-03"
"Clopyralid","Diflufenzopyr",0.0662,"7.50e-01",1130,99,0.3536,"2.38e-02"
"Clopyralid","Flumioxazin",-0.0264,"9.23e-01",710,93,0.3079,"1.25e-01"
"Cyfluthrin","Alachlor",0.3627,"6.78e-02",1473,98,0.4361,"5.12e-03"
"Cyfluthrin","Atrazine",0.1835,"3.91e-01",1556,98,0.4034,"6.85e-03"
"Cyfluthrin","Carbaryl",0.3328,"3.97e-02",1564,99,0.4016,"6.52e-03"
"Cyfluthrin","Chlorothalonil",0.3522,"2.17e-02",1515,99,0.4068,"6.72e-03"
"Cyfluthrin","Clopyralid",0.3328,"7.60e-02",1552,99,0.4015,"7.07e-03"
"Cyfluthrin","Cyhalothrinlambda",0.333,"9.65e-02",1535,99,0.3983,"9.20e-03"
"Cyfluthrin","Diazinon",0.3153,"5.77e-02",1285,99,0.3575,"2.87e-02"
"Cyfluthrin","Esfenvalerate",0.2145,"2.26e-01",1528,98,0.3798,"1.13e-02"
"Cyfluthrin","Glyphosate",0.1707,"4.11e-01",1582,99,0.3981,"6.64e-03"
"Cyfluthrin","Metolachlor",0.5108,"2.83e-02",1255,99,0.5966,"3.48e-04"
"Cyfluthrin","Nicosulfuron",0.2621,"2.63e-01",1325,97,0.6249,"3.35e-04"
"Cyfluthrin","Pendimethalin",0.3236,"8.55e-02",1572,99,0.4028,"6.04e-03"
"Cyfluthrin","Picloram",0.4222,"1.22e-02",1418,90,0.4482,"5.47e-03"
"Cyfluthrin","Propargite",0.4656,"6.50e-03",708,82,0.3377,"5.27e-02"
"Cyfluthrin","Sethoxydim",0.3001,"9.97e-02",1476,99,0.398,"8.29e-03"
"Cyfluthrin","Simazine",0.2456,"2.12e-01",1313,99,0.5063,"2.32e-03"
"Cyfluthrin","Terbufos",0.5398,"2.99e-02",1214,96,0.5931,"1.14e-03"
"Cyfluthrin","Dimethenamid",0.3472,"1.74e-01",1261,96,0.5942,"8.76e-04"
"Cyfluthrin","Fenbuconazole",0.0018,"9.93e-01",326,26,0.1894,"4.07e-01"
"Cyfluthrin","Acetochlor",0.4478,"8.99e-02",1270,97,0.6902,"1.53e-04"
"Cyfluthrin","Imidacloprid",0.4106,"1.70e-02",1309,99,0.3621,"2.04e-02"
"Cyfluthrin","Rimsulfuron",0.2067,"3.93e-01",1329,98,0.4734,"7.03e-03"
"Cyfluthrin","Glufosinate",-0.0098,"9.70e-01",1238,97,0.4663,"1.01e-02"
"Cyfluthrin","Tebupirimphos",0.6887,"7.26e-02",1019,77,0.8545,"3.95e-04"
"Cyfluthrin","Diflufenzopyr",0.3888,"1.43e-01",1121,96,0.5124,"6.97e-03"
"Cyfluthrin","Flumioxazin",0.0826,"8.42e-01",697,89,0.4681,"9.74e-02"
"Cyhalothrinlambda","Alachlor",0.3496,"1.61e-01",1592,98,0.5119,"1.91e-03"
"Cyhalothrinlambda","Atrazine",0.0965,"6.75e-01",1685,100,0.4145,"8.11e-03"
"Cyhalothrinlambda","Carbaryl",0.375,"3.87e-02",1685,100,0.4183,"7.43e-03"
"Cyhalothrinlambda","Chlorothalonil",0.338,"4.50e-02",1624,100,0.4356,"6.15e-03"
"Cyhalothrinlambda","Clopyralid",0.2369,"2.19e-01",1682,100,0.4189,"7.97e-03"
"Cyhalothrinlambda","Cyfluthrin",0.1432,"5.30e-01",1531,99,0.3771,"2.89e-02"
"Cyhalothrinlambda","Diazinon",0.3611,"5.05e-02",1402,100,0.4467,"1.20e-02"
"Cyhalothrinlambda","Esfenvalerate",0.211,"2.96e-01",1637,99,0.403,"1.18e-02"
"Cyhalothrinlambda","Glyphosate",-0.0347,"8.77e-01",1706,100,0.4148,"7.59e-03"
"Cyhalothrinlambda","Metolachlor",0.7253,"1.05e-02",1349,99,0.7533,"4.37e-05"
"Cyhalothrinlambda","Nicosulfuron",0.3986,"1.07e-01",1419,98,0.7198,"1.01e-04"
"Cyhalothrinlambda","Pendimethalin",0.3059,"1.58e-01",1697,100,0.4322,"5.45e-03"
"Cyhalothrinlambda","Picloram",0.361,"4.72e-02",1533,91,0.4262,"1.07e-02"
"Cyhalothrinlambda","Propargite",0.3704,"4.45e-02",819,92,0.1144,"5.13e-01"
"Cyhalothrinlambda","Sethoxydim",0.3745,"5.82e-02",1594,100,0.4643,"3.71e-03"
"Cyhalothrinlambda","Simazine",0.3247,"1.47e-01",1429,100,0.5936,"6.93e-04"
"Cyhalothrinlambda","Terbufos",0.4825,"9.42e-02",1306,97,0.6354,"1.43e-03"
"Cyhalothrinlambda","Dimethenamid",0.324,"2.65e-01",1402,97,0.6323,"4.32e-04"
"Cyhalothrinlambda","Fenbuconazole",-0.1339,"5.52e-01",372,27,0.1775,"3.61e-01"
"Cyhalothrinlambda","Acetochlor",0.463,"1.48e-01",1385,98,0.7707,"1.17e-04"
"Cyhalothrinlambda","Imidacloprid",0.4135,"2.55e-02",1427,100,0.4021,"1.48e-02"
"Cyhalothrinlambda","Rimsulfuron",0.2473,"3.24e-01",1435,100,0.6196,"1.23e-03"
"Cyhalothrinlambda","Glufosinate",0.1846,"4.90e-01",1270,98,0.62,"1.31e-03"
"Cyhalothrinlambda","Tebupirimphos",0.6399,"1.43e-01",1019,77,0.9858,"5.44e-04"
"Cyhalothrinlambda","Diflufenzopyr",0.4068,"1.84e-01",1141,96,0.6582,"3.09e-03"
"Cyhalothrinlambda","Flumioxazin",-0.1246,"7.88e-01",701,90,0.5635,"5.36e-02"
"Diazinon","Alachlor",0.3328,"3.18e-02",1618,99,0.4327,"4.22e-03"
"Diazinon","Atrazine",0.2174,"1.41e-01",1697,102,0.3501,"1.58e-02"
"Diazinon","Carbaryl",0.2935,"4.52e-02",1713,103,0.3501,"1.39e-02"
"Diazinon","Chlorothalonil",0.296,"4.39e-02",1672,103,0.348,"1.54e-02"
"Diazinon","Clopyralid",0.2756,"5.68e-02",1625,103,0.3385,"1.97e-02"
"Diazinon","Cyfluthrin",0.2658,"9.56e-02",1305,102,0.3142,"4.65e-02"
"Diazinon","Cyhalothrinlambda",0.3022,"5.36e-02",1425,103,0.361,"1.73e-02"
"Diazinon","Esfenvalerate",0.1679,"2.72e-01",1670,102,0.3009,"3.98e-02"
"Diazinon","Glyphosate",0.1734,"2.28e-01",1730,103,0.3426,"1.52e-02"
"Diazinon","Metolachlor",0.2498,"1.39e-01",1404,102,0.4008,"1.48e-02"
"Diazinon","Nicosulfuron",0.3336,"4.64e-02",1440,100,0.473,"4.77e-03"
"Diazinon","Pendimethalin",0.2829,"4.80e-02",1723,103,0.3594,"1.12e-02"
"Diazinon","Picloram",0.3607,"2.32e-02",1524,101,0.3763,"1.82e-02"
"Diazinon","Propargite",0.3562,"1.97e-02",989,94,0.3173,"4.29e-02"
"Diazinon","Sethoxydim",0.2315,"1.29e-01",1628,103,0.2792,"6.60e-02"
"Diazinon","Simazine",0.2497,"1.35e-01",1489,103,0.4281,"9.40e-03"
"Diazinon","Terbufos",0.38,"3.34e-02",1343,99,0.4675,"8.57e-03"
"Diazinon","Dimethenamid",0.3486,"5.75e-02",1289,99,0.4817,"8.02e-03"
"Diazinon","Fenbuconazole",0.2305,"1.11e-01",367,29,0.228,"1.24e-01"
"Diazinon","Acetochlor",0.3882,"2.67e-02",1247,99,0.5146,"2.97e-03"
"Diazinon","Imidacloprid",0.2282,"1.45e-01",1294,102,0.2576,"8.43e-02"
"Diazinon","Rimsulfuron",0.3449,"4.85e-02",1180,102,0.4501,"8.94e-03"
"Diazinon","Glufosinate",0.2998,"1.03e-01",1059,100,0.4117,"2.50e-02"
"Diazinon","Tebupirimphos",0.445,"6.51e-02",810,79,0.6194,"6.96e-03"
"Diazinon","Diflufenzopyr",0.2829,"1.52e-01",952,99,0.4184,"2.77e-02"
"Diazinon","Flumioxazin",-0.0556,"8.34e-01",571,91,0.1088,"6.77e-01"
"Esfenvalerate","Alachlor",0.3571,"4.91e-02",1862,99,0.4817,"1.67e-04"
"Esfenvalerate","Atrazine",0.2393,"1.95e-01",1931,99,0.4475,"3.12e-04"
"Esfenvalerate","Carbaryl",0.4958,"1.47e-03",1954,100,0.4444,"3.11e-04"
"Esfenvalerate","Chlorothalonil",0.4802,"5.74e-04",1889,100,0.4756,"1.04e-04"
"Esfenvalerate","Clopyralid",0.3276,"2.09e-02",1840,100,0.4437,"5.38e-04"
"Esfenvalerate","Cyfluthrin",0.4189,"1.93e-02",1519,100,0.4995,"8.92e-04"
"Esfenvalerate","Cyhalothrinlambda",0.3444,"5.28e-02",1639,100,0.4265,"2.54e-03"
"Esfenvalerate","Diazinon",0.3698,"9.83e-03",1698,100,0.4152,"1.92e-03"
"Esfenvalerate","Glyphosate",0.1568,"3.53e-01",1961,100,0.4451,"2.96e-04"
"Esfenvalerate","Metolachlor",0.3721,"6.69e-02",1616,100,0.5521,"6.50e-05"
"Esfenvalerate","Nicosulfuron",0.2348,"2.29e-01",1680,98,0.5724,"5.49e-05"
"Esfenvalerate","Pendimethalin",0.3883,"1.73e-02",1954,100,0.4526,"2.37e-04"
"Esfenvalerate","Picloram",0.4182,"2.18e-03",1752,99,0.4484,"6.21e-04"
"Esfenvalerate","Propargite",0.2369,"7.65e-02",1020,92,0.208,"1.31e-01"
"Esfenvalerate","Sethoxydim",0.3224,"3.87e-02",1861,100,0.4283,"8.43e-04"
"Esfenvalerate","Simazine",0.3343,"8.45e-02",1719,100,0.582,"3.64e-05"
"Esfenvalerate","Terbufos",0.4754,"1.70e-02",1557,98,0.5701,"1.08e-04"
"Esfenvalerate","Dimethenamid",0.2993,"1.34e-01",1519,98,0.5251,"4.07e-04"
"Esfenvalerate","Fenbuconazole",-0.0461,"8.11e-01",405,29,0.0918,"6.23e-01"
"Esfenvalerate","Acetochlor",0.3767,"8.08e-02",1463,98,0.5563,"2.37e-04"
"Esfenvalerate","Imidacloprid",0.5305,"2.81e-03",1438,100,0.4009,"5.28e-03"
"Esfenvalerate","Rimsulfuron",0.5054,"1.21e-02",1398,99,0.6726,"3.24e-05"
"Esfenvalerate","Glufosinate",0.4959,"4.17e-02",1260,98,0.728,"4.54e-05"
"Esfenvalerate","Tebupirimphos",0.6934,"1.22e-02",995,78,0.7942,"9.63e-05"
"Esfenvalerate","Diflufenzopyr",0.6048,"8.71e-03",1102,97,0.6784,"2.46e-04"
"Esfenvalerate","Flumioxazin",0.0727,"8.46e-01",703,92,0.5233,"4.88e-02"
"Glyphosate","Alachlor",0.5438,"2.25e-03",1900,102,0.5399,"5.92e-06"
"Glyphosate","Atrazine",0.4769,"2.36e-02",2014,104,0.4867,"1.68e-05"
"Glyphosate","Carbaryl",0.5478,"6.42e-05",2052,106,0.4984,"7.79e-06"
"Glyphosate","Chlorothalonil",0.473,"5.64e-05",1977,106,0.5135,"4.72e-06"
"Glyphosate","Clopyralid",0.4861,"2.33e-03",1938,106,0.5044,"1.11e-05"
"Glyphosate","Cyfluthrin",0.4337,"2.36e-02",1567,102,0.454,"9.28e-04"
"Glyphosate","Cyhalothrinlambda",0.5541,"2.00e-03",1709,103,0.5035,"7.97e-05"
"Glyphosate","Diazinon",0.5281,"3.28e-05",1810,106,0.5551,"5.32e-06"
"Glyphosate","Esfenvalerate",0.3652,"2.02e-02",1972,103,0.4907,"2.88e-05"
"Glyphosate","Metolachlor",0.6484,"1.11e-03",1661,105,0.6271,"4.92e-07"
"Glyphosate","Nicosulfuron",0.441,"5.06e-02",1703,102,0.6525,"1.14e-06"
"Glyphosate","Pendimethalin",0.5119,"1.29e-03",2049,106,0.5133,"4.71e-06"
"Glyphosate","Picloram",0.5126,"3.37e-05",1860,103,0.5013,"1.74e-05"
"Glyphosate","Propargite",0.44,"7.84e-03",1100,96,0.3345,"4.73e-02"
"Glyphosate","Sethoxydim",0.5175,"4.90e-04",1925,105,0.5157,"1.18e-05"
"Glyphosate","Simazine",0.3694,"2.44e-02",1795,106,0.5809,"1.67e-06"
"Glyphosate","Terbufos",0.6,"2.84e-03",1576,99,0.5922,"2.06e-05"
"Glyphosate","Dimethenamid",0.5746,"2.19e-02",1533,100,0.5997,"1.66e-05"
"Glyphosate","Fenbuconazole",-0.232,"2.99e-01",417,30,-0.0874,"6.97e-01"
"Glyphosate","Acetochlor",0.6566,"1.57e-02",1499,101,0.6325,"7.74e-06"
"Glyphosate","Imidacloprid",0.4355,"3.21e-03",1488,105,0.4413,"7.20e-04"
"Glyphosate","Rimsulfuron",0.5356,"3.79e-02",1426,103,0.6448,"1.29e-05"
"Glyphosate","Glufosinate",0.4143,"1.25e-01",1280,103,0.5914,"5.62e-05"
"Glyphosate","Tebupirimphos",0.7767,"3.62e-02",1004,79,0.7396,"1.59e-04"
"Glyphosate","Diflufenzopyr",0.6887,"1.81e-02",1124,99,0.607,"2.34e-04"
"Glyphosate","Flumioxazin",0.1773,"6.78e-01",695,95,0.5828,"1.19e-02"
"Metolachlor","Alachlor",0.1838,"3.18e-01",1607,100,0.3337,"5.30e-04"
"Metolachlor","Atrazine",-0.1066,"5.86e-01",1659,100,0.3168,"5.73e-04"
"Metolachlor","Carbaryl",0.2819,"1.10e-02",1662,100,0.3131,"6.64e-04"
"Metolachlor","Chlorothalonil",0.2696,"5.89e-03",1608,100,0.3205,"5.21e-04"
"Metolachlor","Clopyralid",0.1248,"3.03e-01",1565,100,0.297,"2.00e-03"
"Metolachlor","Cyfluthrin",0.1282,"4.10e-01",1302,100,0.3413,"2.41e-03"
"Metolachlor","Cyhalothrinlambda",0.0532,"7.38e-01",1399,100,0.3095,"3.77e-03"
"Metolachlor","Diazinon",0.3023,"5.88e-03",1394,100,0.3391,"1.23e-03"
"Metolachlor","Esfenvalerate",0.192,"1.67e-01",1635,100,0.3026,"1.26e-03"
"Metolachlor","Glyphosate",-0.0868,"5.73e-01",1664,100,0.3169,"5.58e-04"
"Metolachlor","Nicosulfuron",-0.0805,"6.84e-01",1481,99,0.3935,"4.93e-04"
"Metolachlor","Pendimethalin",0.1845,"2.13e-01",1660,100,0.3174,"5.59e-04"
"Metolachlor","Picloram",0.2916,"4.76e-03",1514,100,0.3311,"7.38e-04"
"Metolachlor","Propargite",0.1386,"1.61e-01",769,90,0.1127,"2.51e-01"
"Metolachlor","Sethoxydim",0.2237,"6.84e-02",1608,100,0.3202,"7.62e-04"
"Metolachlor","Simazine",0.1291,"4.20e-01",1494,100,0.3228,"1.51e-03"
"Metolachlor","Terbufos",0.345,"1.06e-01",1406,99,0.3387,"2.24e-03"
"Metolachlor","Dimethenamid",-0.2082,"3.63e-01",1343,99,0.3558,"3.21e-03"
"Metolachlor","Fenbuconazole",-0.1836,"1.81e-01",283,28,-0.0373,"7.81e-01"
"Metolachlor","Acetochlor",0.0219,"9.24e-01",1353,99,0.4002,"9.54e-04"
"Metolachlor","Imidacloprid",0.2232,"7.46e-02",1219,100,0.2323,"3.33e-02"
"Metolachlor","Rimsulfuron",-0.0577,"7.56e-01",1233,99,0.3386,"7.66e-03"
"Metolachlor","Glufosinate",-0.0085,"9.65e-01",1108,98,0.3634,"6.00e-03"
"Metolachlor","Tebupirimphos",6e-04,"9.98e-01",939,79,0.4662,"1.12e-02"
"Metolachlor","Diflufenzopyr",0.0387,"8.76e-01",979,97,0.3981,"7.31e-03"
"Metolachlor","Flumioxazin",-0.3941,"1.80e-01",690,87,0.2928,"1.21e-01"
"Nicosulfuron","Alachlor",0.4683,"4.29e-03",1666,95,0.5087,"4.91e-07"
"Nicosulfuron","Atrazine",0.2976,"1.59e-01",1691,95,0.4956,"5.86e-07"
"Nicosulfuron","Carbaryl",0.4803,"6.48e-05",1692,95,0.4962,"5.73e-07"
"Nicosulfuron","Chlorothalonil",0.4719,"7.61e-06",1639,95,0.5176,"2.80e-07"
"Nicosulfuron","Clopyralid",0.4492,"9.51e-04",1598,95,0.4766,"4.31e-06"
"Nicosulfuron","Cyfluthrin",0.4181,"1.00e-02",1334,95,0.5126,"1.99e-05"
"Nicosulfuron","Cyhalothrinlambda",0.351,"1.99e-02",1422,95,0.4692,"3.79e-05"
"Nicosulfuron","Diazinon",0.4607,"3.20e-05",1408,95,0.5011,"2.87e-06"
"Nicosulfuron","Esfenvalerate",0.4309,"2.02e-03",1671,95,0.5035,"7.49e-07"
"Nicosulfuron","Glyphosate",0.3347,"5.47e-02",1693,95,0.4958,"5.65e-07"
"Nicosulfuron","Metolachlor",0.4838,"1.40e-02",1459,95,0.5449,"9.41e-07"
"Nicosulfuron","Pendimethalin",0.4602,"2.43e-03",1691,95,0.4959,"5.72e-07"
"Nicosulfuron","Picloram",0.4867,"1.12e-05",1535,94,0.5285,"7.41e-07"
"Nicosulfuron","Propargite",0.3776,"1.26e-03",797,87,0.3701,"1.72e-03"
"Nicosulfuron","Sethoxydim",0.5297,"7.64e-05",1656,95,0.4904,"1.40e-06"
"Nicosulfuron","Simazine",0.3672,"1.68e-02",1578,95,0.5371,"8.07e-07"
"Nicosulfuron","Terbufos",0.4971,"5.01e-03",1482,94,0.4853,"1.53e-05"
"Nicosulfuron","Dimethenamid",0.3169,"1.10e-01",1443,94,0.5019,"1.16e-05"
"Nicosulfuron","Fenbuconazole",0.3746,"2.51e-02",329,27,0.3708,"3.34e-02"
"Nicosulfuron","Acetochlor",0.4247,"6.41e-02",1382,94,0.4956,"4.34e-05"
"Nicosulfuron","Imidacloprid",0.4091,"1.41e-03",1225,95,0.4191,"5.26e-04"
"Nicosulfuron","Rimsulfuron",0.42,"9.39e-02",1308,95,0.4955,"6.60e-05"
"Nicosulfuron","Glufosinate",0.3474,"1.15e-01",1154,93,0.5221,"1.77e-04"
"Nicosulfuron","Tebupirimphos",0.274,"3.78e-01",1003,76,0.578,"2.10e-04"
"Nicosulfuron","Diflufenzopyr",0.3362,"2.10e-01",1028,94,0.4778,"1.16e-03"
"Nicosulfuron","Flumioxazin",0.1745,"6.47e-01",677,79,0.5166,"4.84e-02"
"Pendimethalin","Alachlor",0.1401,"3.74e-01",1897,100,0.2848,"4.47e-03"
"Pendimethalin","Atrazine",0.0032,"9.83e-01",1990,102,0.2732,"4.57e-03"
"Pendimethalin","Carbaryl",0.2225,"5.32e-02",2017,103,0.2679,"4.69e-03"
"Pendimethalin","Chlorothalonil",0.2169,"3.23e-02",1957,103,0.2739,"4.30e-03"
"Pendimethalin","Clopyralid",0.156,"1.76e-01",1916,103,0.2769,"5.26e-03"
"Pendimethalin","Cyfluthrin",0.1262,"4.11e-01",1592,102,0.2744,"2.11e-02"
"Pendimethalin","Cyhalothrinlambda",0.1902,"2.24e-01",1721,103,0.3019,"6.51e-03"
"Pendimethalin","Diazinon",0.2546,"1.58e-02",1725,103,0.2929,"4.24e-03"
"Pendimethalin","Esfenvalerate",0.1385,"2.74e-01",1966,102,0.2645,"6.38e-03"
"Pendimethalin","Glyphosate",-0.0205,"8.80e-01",2038,103,0.2727,"3.75e-03"
"Pendimethalin","Metolachlor",0.1914,"2.67e-01",1652,103,0.3871,"2.53e-04"
"Pendimethalin","Nicosulfuron",-0.0114,"9.45e-01",1702,100,0.3892,"3.18e-04"
"Pendimethalin","Picloram",0.2451,"2.18e-02",1812,101,0.273,"7.28e-03"
"Pendimethalin","Propargite",0.1285,"1.75e-01",1033,95,0.0638,"5.01e-01"
"Pendimethalin","Sethoxydim",0.1597,"2.39e-01",1910,103,0.2704,"5.45e-03"
"Pendimethalin","Simazine",0.0622,"6.71e-01",1761,103,0.3229,"1.32e-03"
"Pendimethalin","Terbufos",0.2544,"1.92e-01",1580,99,0.3764,"1.05e-03"
"Pendimethalin","Dimethenamid",0.0597,"7.60e-01",1541,99,0.3835,"7.87e-04"
"Pendimethalin","Fenbuconazole",-0.1293,"4.04e-01",414,29,0.026,"8.61e-01"
"Pendimethalin","Acetochlor",0.0168,"9.35e-01",1512,100,0.407,"1.05e-03"
"Pendimethalin","Imidacloprid",0.1607,"1.93e-01",1550,103,0.1699,"1.36e-01"
"Pendimethalin","Rimsulfuron",-0.0359,"8.53e-01",1446,102,0.3581,"9.32e-03"
"Pendimethalin","Glufosinate",0.0381,"8.56e-01",1313,101,0.4048,"3.47e-03"
"Pendimethalin","Tebupirimphos",-0.0789,"7.83e-01",1039,79,0.4782,"5.65e-03"
"Pendimethalin","Diflufenzopyr",0.0919,"6.88e-01",1225,99,0.3838,"1.35e-02"
"Pendimethalin","Flumioxazin",-0.8814,"1.47e-02",801,93,-0.0049,"9.85e-01"
"Picloram","Alachlor",0.4602,"6.24e-03",1725,92,0.5819,"2.31e-04"
"Picloram","Atrazine",0.3625,"2.49e-02",1830,94,0.5255,"5.68e-04"
"Picloram","Carbaryl",0.479,"2.59e-03",1827,94,0.5415,"3.94e-04"
"Picloram","Chlorothalonil",0.4861,"1.90e-03",1749,94,0.5326,"5.70e-04"
"Picloram","Clopyralid",0.4414,"6.09e-03",1767,94,0.5575,"3.41e-04"
"Picloram","Cyfluthrin",0.3118,"8.60e-02",1430,92,0.4488,"9.16e-03"
"Picloram","Cyhalothrinlambda",0.4196,"1.86e-02",1549,92,0.5205,"1.46e-03"
"Picloram","Diazinon",0.4885,"3.45e-03",1505,94,0.5096,"2.19e-03"
"Picloram","Esfenvalerate",0.4433,"6.35e-03",1750,92,0.5498,"4.41e-04"
"Picloram","Glyphosate",0.3379,"3.51e-02",1857,94,0.5303,"4.52e-04"
"Picloram","Metolachlor",0.5276,"6.01e-03",1516,93,0.7024,"1.46e-04"
"Picloram","Nicosulfuron",0.4753,"7.48e-03",1557,92,0.6629,"1.55e-04"
"Picloram","Pendimethalin",0.4294,"7.01e-03",1818,94,0.5307,"5.28e-04"
"Picloram","Propargite",0.4182,"1.02e-02",972,85,0.3033,"6.46e-02"
"Picloram","Sethoxydim",0.4462,"7.03e-03",1718,94,0.534,"9.84e-04"
"Picloram","Simazine",0.4363,"1.12e-02",1580,94,0.5804,"6.40e-04"
"Picloram","Terbufos",0.5368,"6.70e-03",1452,91,0.6475,"8.25e-04"
"Picloram","Dimethenamid",0.4848,"8.84e-03",1427,92,0.6487,"2.69e-04"
"Picloram","Fenbuconazole",-0.2269,"2.50e-01",255,21,-0.1323,"4.20e-01"
"Picloram","Acetochlor",0.6288,"2.17e-03",1381,93,0.7758,"1.15e-04"
"Picloram","Imidacloprid",0.5952,"6.91e-04",1320,93,0.5987,"3.24e-04"
"Picloram","Rimsulfuron",0.4498,"1.82e-02",1316,92,0.6034,"1.23e-03"
"Picloram","Glufosinate",0.2932,"1.46e-01",1154,92,0.5115,"8.77e-03"
"Picloram","Tebupirimphos",0.6334,"9.10e-03",1051,79,0.7256,"2.81e-03"
"Picloram","Diflufenzopyr",0.4908,"1.99e-02",1064,90,0.6296,"2.38e-03"
"Picloram","Flumioxazin",0.6107,"5.03e-02",685,83,0.8228,"4.96e-03"
"Propargite","Alachlor",-0.2535,"3.60e-02",698,42,-0.3019,"4.27e-03"
"Propargite","Atrazine",-0.2839,"1.36e-02",758,42,-0.326,"2.32e-03"
"Propargite","Carbaryl",-0.3146,"3.79e-03",755,42,-0.3176,"2.80e-03"
"Propargite","Chlorothalonil",-0.3218,"3.14e-03",748,42,-0.3189,"2.62e-03"
"Propargite","Clopyralid",-0.3333,"3.41e-03",749,42,-0.3466,"1.43e-03"
"Propargite","Cyfluthrin",-0.4546,"2.69e-04",596,42,-0.4295,"2.16e-04"
"Propargite","Cyhalothrinlambda",-0.36,"1.06e-02",653,42,-0.3279,"3.73e-03"
"Propargite","Diazinon",-0.3233,"4.13e-03",732,42,-0.2959,"6.42e-03"
"Propargite","Esfenvalerate",-0.2514,"2.73e-02",710,41,-0.2723,"1.35e-02"
"Propargite","Glyphosate",-0.2946,"1.24e-02",762,42,-0.3192,"2.67e-03"
"Propargite","Metolachlor",-0.0269,"8.56e-01",520,42,-0.1126,"3.83e-01"
"Propargite","Nicosulfuron",-0.1502,"2.39e-01",533,40,-0.1463,"2.22e-01"
"Propargite","Pendimethalin",-0.2758,"2.68e-02",757,42,-0.3039,"3.99e-03"
"Propargite","Picloram",-0.3726,"9.86e-04",739,42,-0.3431,"1.74e-03"
"Propargite","Sethoxydim",-0.2373,"4.44e-02",669,42,-0.2451,"2.93e-02"
"Propargite","Simazine",-0.266,"2.26e-02",533,42,-0.2474,"3.16e-02"
"Propargite","Terbufos",-0.1881,"3.00e-01",437,40,-0.1989,"1.80e-01"
"Propargite","Dimethenamid",-0.2417,"9.96e-02",464,40,-0.2626,"3.93e-02"
"Propargite","Fenbuconazole",-0.5976,"2.13e-04",197,19,-0.5357,"3.74e-04"
"Propargite","Acetochlor",-0.2275,"3.04e-01",437,40,-0.2627,"9.69e-02"
"Propargite","Imidacloprid",-0.3972,"1.15e-03",624,42,-0.3446,"2.81e-03"
"Propargite","Rimsulfuron",-0.2967,"2.76e-02",453,42,-0.3203,"1.35e-02"
"Propargite","Glufosinate",-0.4208,"2.40e-03",328,40,-0.4134,"2.05e-03"
"Propargite","Tebupirimphos",0.0575,"8.88e-01",247,28,-0.2573,"2.07e-01"
"Propargite","Diflufenzopyr",-0.3286,"5.36e-02",379,39,-0.3274,"2.86e-02"
"Propargite","Flumioxazin",-0.2349,"2.39e-01",114,32,-0.2225,"2.51e-01"
"Sethoxydim","Alachlor",0.1916,"1.67e-01",1824,100,0.35,"2.03e-03"
"Sethoxydim","Atrazine",0.1392,"3.04e-01",1892,101,0.3365,"2.05e-03"
"Sethoxydim","Carbaryl",0.2838,"1.39e-02",1907,102,0.3299,"2.22e-03"
"Sethoxydim","Chlorothalonil",0.3007,"5.82e-03",1844,102,0.3254,"2.60e-03"
"Sethoxydim","Clopyralid",0.2541,"4.24e-02",1814,102,0.339,"2.45e-03"
"Sethoxydim","Cyfluthrin",0.2068,"1.63e-01",1518,102,0.3002,"1.38e-02"
"Sethoxydim","Cyhalothrinlambda",0.2164,"1.26e-01",1619,102,0.3102,"8.71e-03"
"Sethoxydim","Diazinon",0.2768,"1.83e-02",1611,102,0.3006,"9.42e-03"
"Sethoxydim","Esfenvalerate",0.2136,"9.66e-02",1869,101,0.3341,"2.37e-03"
"Sethoxydim","Glyphosate",0.1208,"3.81e-01",1919,102,0.34,"1.58e-03"
"Sethoxydim","Metolachlor",0.3355,"4.30e-02",1603,102,0.525,"5.63e-05"
"Sethoxydim","Nicosulfuron",0.0746,"6.40e-01",1670,99,0.4156,"1.01e-03"
"Sethoxydim","Pendimethalin",0.1819,"2.14e-01",1909,102,0.3357,"1.86e-03"
"Sethoxydim","Picloram",0.3352,"5.37e-03",1717,101,0.3695,"1.74e-03"
"Sethoxydim","Propargite",0.3071,"8.18e-03",924,93,0.2527,"3.28e-02"
"Sethoxydim","Simazine",0.1141,"4.37e-01",1711,102,0.3621,"3.66e-03"
"Sethoxydim","Terbufos",0.2214,"1.67e-01",1559,99,0.4134,"1.15e-03"
"Sethoxydim","Dimethenamid",0.1135,"5.01e-01",1514,99,0.3885,"2.52e-03"
"Sethoxydim","Fenbuconazole",-0.0688,"6.57e-01",396,29,0.0109,"9.46e-01"
"Sethoxydim","Acetochlor",0.1598,"3.52e-01",1465,100,0.411,"2.09e-03"
"Sethoxydim","Imidacloprid",0.1792,"1.39e-01",1447,102,0.1841,"1.13e-01"
"Sethoxydim","Rimsulfuron",0.1319,"4.22e-01",1388,101,0.3302,"1.76e-02"
"Sethoxydim","Glufosinate",0.1159,"4.99e-01",1278,99,0.3871,"4.08e-03"
"Sethoxydim","Tebupirimphos",0.1264,"5.81e-01",1038,79,0.4447,"9.53e-03"
"Sethoxydim","Diflufenzopyr",0.1573,"3.66e-01",1140,97,0.3506,"1.61e-02"
"Sethoxydim","Flumioxazin",-0.2149,"4.03e-01",761,88,0.13,"5.60e-01"
"Simazine","Alachlor",0.3101,"4.64e-02",1661,92,0.4233,"2.19e-04"
"Simazine","Atrazine",0.1956,"2.37e-01",1701,94,0.405,"2.85e-04"
"Simazine","Carbaryl",0.4345,"1.52e-03",1742,95,0.3901,"3.26e-04"
"Simazine","Chlorothalonil",0.3907,"7.63e-04",1675,95,0.4145,"1.64e-04"
"Simazine","Clopyralid",0.2595,"4.77e-02",1617,95,0.3884,"8.36e-04"
"Simazine","Cyfluthrin",0.4002,"1.62e-02",1287,93,0.4545,"1.21e-03"
"Simazine","Cyhalothrinlambda",0.2991,"6.39e-02",1415,94,0.4076,"1.77e-03"
"Simazine","Diazinon",0.3594,"2.65e-03",1481,95,0.3999,"5.49e-04"
"Simazine","Esfenvalerate",0.2025,"2.08e-01",1704,94,0.4117,"3.42e-04"
"Simazine","Glyphosate",0.1312,"3.83e-01",1752,95,0.3969,"2.36e-04"
"Simazine","Metolachlor",0.2171,"2.53e-01",1455,94,0.3973,"1.15e-03"
"Simazine","Nicosulfuron",0.204,"2.28e-01",1562,93,0.4489,"2.29e-04"
"Simazine","Pendimethalin",0.3649,"2.26e-02",1732,95,0.4036,"2.40e-04"
"Simazine","Picloram",0.3917,"1.16e-03",1531,93,0.3979,"6.75e-04"
"Simazine","Propargite",0.2198,"3.69e-02",813,87,0.2311,"3.36e-02"
"Simazine","Sethoxydim",0.3693,"7.02e-03",1681,95,0.3842,"7.04e-04"
"Simazine","Terbufos",0.2885,"9.89e-02",1441,91,0.3847,"2.73e-03"
"Simazine","Dimethenamid",0.2084,"2.34e-01",1393,91,0.3725,"5.35e-03"
"Simazine","Fenbuconazole",0.2322,"2.17e-01",333,26,0.4151,"9.04e-03"
"Simazine","Acetochlor",0.2654,"1.90e-01",1316,91,0.4053,"3.67e-03"
"Simazine","Imidacloprid",0.3517,"1.51e-02",1242,94,0.3687,"5.28e-03"
"Simazine","Rimsulfuron",0.1936,"3.01e-01",1263,92,0.4694,"1.70e-03"
"Simazine","Glufosinate",0.2105,"3.48e-01",1145,93,0.4532,"5.45e-03"
"Simazine","Tebupirimphos",0.2732,"2.84e-01",889,71,0.4718,"1.30e-02"
"Simazine","Diflufenzopyr",0.3675,"9.59e-02",945,90,0.536,"2.37e-03"
"Simazine","Flumioxazin",0.1209,"7.52e-01",651,81,0.5068,"6.08e-02"
"Terbufos","Alachlor",-0.0151,"9.48e-01",1527,87,0.3445,"4.66e-03"
"Terbufos","Atrazine",-0.1094,"6.02e-01",1527,87,0.3445,"4.66e-03"
"Terbufos","Carbaryl",0.279,"5.27e-02",1525,87,0.338,"5.65e-03"
"Terbufos","Chlorothalonil",0.2948,"2.42e-02",1463,87,0.346,"4.90e-03"
"Terbufos","Clopyralid",0.1941,"2.19e-01",1441,87,0.3315,"9.81e-03"
"Terbufos","Cyfluthrin",0.1401,"4.84e-01",1215,86,0.3731,"1.61e-02"
"Terbufos","Cyhalothrinlambda",0.1485,"4.32e-01",1301,87,0.3442,"1.50e-02"
"Terbufos","Diazinon",0.2438,"8.58e-02",1244,87,0.3078,"2.51e-02"
"Terbufos","Esfenvalerate",0.1781,"2.90e-01",1503,87,0.3466,"6.02e-03"
"Terbufos","Glyphosate",-0.0133,"9.40e-01",1527,87,0.3445,"4.66e-03"
"Terbufos","Metolachlor",0.0519,"8.29e-01",1372,87,0.3455,"6.70e-03"
"Terbufos","Nicosulfuron",-0.1244,"5.67e-01",1463,87,0.3491,"8.34e-03"
"Terbufos","Pendimethalin",0.1133,"5.79e-01",1527,87,0.3445,"4.66e-03"
"Terbufos","Picloram",0.3219,"1.42e-02",1383,87,0.3483,"7.20e-03"
"Terbufos","Propargite",0.1508,"2.03e-01",616,75,0.1169,"3.27e-01"
"Terbufos","Sethoxydim",0.274,"8.73e-02",1499,87,0.3316,"7.70e-03"
"Terbufos","Simazine",0.1421,"4.45e-01",1414,87,0.3443,"1.09e-02"
"Terbufos","Dimethenamid",-0.1423,"5.34e-01",1392,87,0.3276,"1.28e-02"
"Terbufos","Fenbuconazole",0.101,"5.08e-01",222,16,0.1845,"2.19e-01"
"Terbufos","Acetochlor",-0.0732,"7.75e-01",1387,87,0.3435,"1.03e-02"
"Terbufos","Imidacloprid",0.3128,"5.04e-02",1080,87,0.3039,"5.08e-02"
"Terbufos","Rimsulfuron",-0.0824,"7.25e-01",1175,87,0.3256,"5.81e-02"
"Terbufos","Glufosinate",-0.1262,"6.12e-01",1089,85,0.3464,"4.68e-02"
"Terbufos","Tebupirimphos",-0.154,"5.89e-01",1046,79,0.3359,"5.66e-02"
"Terbufos","Diflufenzopyr",0.2157,"4.72e-01",959,87,0.5441,"7.32e-03"
"Terbufos","Flumioxazin",0.0097,"9.81e-01",642,67,0.4018,"2.36e-01"
"Dimethenamid","Alachlor",0.2259,"1.93e-01",1554,98,0.2781,"1.35e-03"
"Dimethenamid","Atrazine",-0.0244,"8.98e-01",1554,98,0.2781,"1.35e-03"
"Dimethenamid","Carbaryl",0.1998,"6.42e-02",1552,98,0.2716,"1.80e-03"
"Dimethenamid","Chlorothalonil",0.2509,"7.36e-03",1500,98,0.2965,"8.26e-04"
"Dimethenamid","Clopyralid",0.225,"7.86e-02",1490,98,0.2773,"2.00e-03"
"Dimethenamid","Cyfluthrin",0.1635,"2.65e-01",1271,98,0.302,"2.53e-03"
"Dimethenamid","Cyhalothrinlambda",0.1452,"3.25e-01",1411,98,0.264,"4.18e-03"
"Dimethenamid","Diazinon",0.2564,"8.95e-03",1276,98,0.2826,"2.96e-03"
"Dimethenamid","Esfenvalerate",0.1578,"1.92e-01",1534,98,0.2599,"3.35e-03"
"Dimethenamid","Glyphosate",0.0028,"9.87e-01",1554,98,0.2781,"1.35e-03"
"Dimethenamid","Metolachlor",0.4559,"2.91e-02",1325,98,0.3584,"5.98e-04"
"Dimethenamid","Nicosulfuron",0.0992,"5.69e-01",1470,98,0.3439,"3.46e-04"
"Dimethenamid","Pendimethalin",0.2288,"1.33e-01",1554,98,0.2781,"1.35e-03"
"Dimethenamid","Picloram",0.2131,"3.11e-02",1421,90,0.2803,"2.58e-03"
"Dimethenamid","Propargite",0.2081,"7.08e-02",684,90,0.1341,"2.48e-01"
"Dimethenamid","Sethoxydim",0.2779,"2.18e-02",1518,98,0.2777,"1.80e-03"
"Dimethenamid","Simazine",0.1526,"2.60e-01",1428,98,0.2811,"3.59e-03"
"Dimethenamid","Terbufos",0.3219,"7.55e-02",1422,98,0.2918,"2.94e-03"
"Dimethenamid","Fenbuconazole",-0.1526,"2.57e-01",329,27,-0.0922,"4.81e-01"
"Dimethenamid","Acetochlor",0.3604,"1.69e-01",1390,98,0.3374,"9.66e-04"
"Dimethenamid","Imidacloprid",0.2394,"2.55e-02",1227,98,0.2316,"2.03e-02"
"Dimethenamid","Rimsulfuron",0.1664,"3.70e-01",1244,98,0.3265,"2.89e-03"
"Dimethenamid","Glufosinate",-0.0179,"9.28e-01",1135,95,0.2888,"8.57e-03"
"Dimethenamid","Tebupirimphos",0.2046,"4.57e-01",1011,79,0.4228,"1.57e-03"
"Dimethenamid","Diflufenzopyr",0.096,"6.74e-01",994,95,0.3476,"8.28e-03"
"Dimethenamid","Flumioxazin",-0.3288,"3.59e-01",654,77,0.3293,"1.29e-01"
"Fenbuconazole","Alachlor",0.6056,"6.73e-03",345,24,0.5858,"7.68e-03"
"Fenbuconazole","Atrazine",0.5289,"1.33e-02",359,24,0.5241,"1.38e-02"
"Fenbuconazole","Carbaryl",0.4556,"3.49e-02",359,24,0.5241,"1.38e-02"
"Fenbuconazole","Chlorothalonil",0.5016,"1.81e-02",359,24,0.5241,"1.38e-02"
"Fenbuconazole","Clopyralid",0.5869,"1.08e-02",342,24,0.5597,"1.19e-02"
"Fenbuconazole","Cyfluthrin",0.6,"2.16e-02",286,24,0.5916,"1.88e-02"
"Fenbuconazole","Cyhalothrinlambda",0.5658,"1.96e-02",333,24,0.5327,"1.75e-02"
"Fenbuconazole","Diazinon",0.4839,"2.20e-02",330,24,0.4434,"3.83e-02"
"Fenbuconazole","Esfenvalerate",0.4981,"2.02e-02",358,24,0.5021,"1.76e-02"
"Fenbuconazole","Glyphosate",0.5363,"1.22e-02",359,24,0.5241,"1.38e-02"
"Fenbuconazole","Metolachlor",0.8374,"9.19e-04",250,24,0.7533,"2.01e-03"
"Fenbuconazole","Nicosulfuron",0.6654,"2.30e-03",296,24,0.6373,"4.36e-03"
"Fenbuconazole","Pendimethalin",0.5728,"1.06e-02",359,24,0.5241,"1.38e-02"
"Fenbuconazole","Picloram",0.4534,"1.93e-01",230,16,0.2826,"3.66e-01"
"Fenbuconazole","Propargite",0.3833,"1.55e-01",200,24,0.2143,"4.76e-01"
"Fenbuconazole","Sethoxydim",0.4535,"2.78e-02",343,24,0.4494,"2.83e-02"
"Fenbuconazole","Simazine",0.1844,"3.59e-01",289,24,0.3419,"8.65e-02"
"Fenbuconazole","Terbufos",0.1999,"4.17e-01",256,24,0.2006,"3.88e-01"
"Fenbuconazole","Dimethenamid",0.393,"8.97e-02",300,24,0.3575,"1.14e-01"
"Fenbuconazole","Acetochlor",0.8874,"9.14e-04",270,24,0.818,"1.35e-03"
"Fenbuconazole","Imidacloprid",0.5467,"1.32e-02",352,24,0.5224,"1.52e-02"
"Fenbuconazole","Rimsulfuron",0.6796,"4.70e-03",273,24,0.6876,"4.60e-03"
"Fenbuconazole","Glufosinate",0.6141,"1.57e-02",289,24,0.604,"1.61e-02"
"Fenbuconazole","Tebupirimphos",1.6445,"2.65e-02",84,7,1.4719,"2.72e-02"
"Fenbuconazole","Diflufenzopyr",0.7781,"1.23e-02",210,22,0.7839,"9.73e-03"
"Fenbuconazole","Flumioxazin",0.8561,"2.94e-02",115,24,0.8582,"2.05e-02"
"Acetochlor","Alachlor",0.2264,"2.47e-01",1436,87,0.3488,"3.99e-04"
"Acetochlor","Atrazine",-0.0436,"8.57e-01",1453,87,0.3572,"2.10e-04"
"Acetochlor","Carbaryl",0.2876,"1.22e-02",1451,87,0.3526,"2.60e-04"
"Acetochlor","Chlorothalonil",0.3251,"1.50e-03",1393,87,0.3629,"2.17e-04"
"Acetochlor","Clopyralid",0.2763,"5.16e-02",1418,87,0.3624,"2.13e-04"
"Acetochlor","Cyfluthrin",0.3178,"4.45e-02",1248,87,0.4058,"2.06e-04"
"Acetochlor","Cyhalothrinlambda",0.2746,"7.22e-02",1345,87,0.3646,"2.79e-04"
"Acetochlor","Diazinon",0.2992,"8.95e-03",1168,87,0.369,"6.88e-04"
"Acetochlor","Esfenvalerate",0.2565,"7.26e-02",1417,87,0.33,"9.43e-04"
"Acetochlor","Glyphosate",-0.0595,"7.79e-01",1453,87,0.3572,"2.10e-04"
"Acetochlor","Metolachlor",0.4975,"1.40e-02",1276,87,0.3884,"1.41e-04"
"Acetochlor","Nicosulfuron",0.0485,"8.43e-01",1350,87,0.3693,"8.14e-04"
"Acetochlor","Pendimethalin",0.3353,"3.04e-02",1453,87,0.3572,"2.10e-04"
"Acetochlor","Picloram",0.3754,"4.02e-04",1301,79,0.3897,"1.83e-04"
"Acetochlor","Propargite",0.1595,"1.65e-01",569,79,0.1001,"3.86e-01"
"Acetochlor","Sethoxydim",0.3563,"6.78e-03",1397,87,0.3484,"5.17e-04"
"Acetochlor","Simazine",0.2999,"9.15e-02",1285,87,0.3728,"1.53e-03"
"Acetochlor","Terbufos",0.3961,"4.90e-02",1357,87,0.3449,"1.14e-03"
"Acetochlor","Dimethenamid",-0.0467,"8.74e-01",1342,87,0.3561,"9.88e-04"
"Acetochlor","Fenbuconazole",-0.0278,"8.72e-01",260,16,0.0696,"7.19e-01"
"Acetochlor","Imidacloprid",0.3558,"1.94e-03",1138,87,0.3417,"1.01e-03"
"Acetochlor","Rimsulfuron",0.1102,"6.19e-01",1219,87,0.3895,"9.05e-04"
"Acetochlor","Glufosinate",0.069,"7.64e-01",1108,85,0.4118,"1.11e-03"
"Acetochlor","Tebupirimphos",0.374,"2.05e-01",1042,79,0.4463,"6.05e-04"
"Acetochlor","Diflufenzopyr",0.3951,"9.55e-02",1016,87,0.4528,"3.03e-04"
"Acetochlor","Flumioxazin",-0.0676,"8.53e-01",660,74,0.4823,"2.06e-02"
"Imidacloprid","Alachlor",0.2812,"6.26e-02",1205,78,0.4167,"3.91e-03"
"Imidacloprid","Atrazine",0.2122,"1.48e-01",1282,79,0.3895,"5.07e-03"
"Imidacloprid","Carbaryl",0.296,"4.01e-02",1311,80,0.3725,"6.11e-03"
"Imidacloprid","Chlorothalonil",0.3008,"5.25e-02",1314,80,0.3555,"8.79e-03"
"Imidacloprid","Clopyralid",0.3156,"2.49e-02",1277,80,0.3948,"4.60e-03"
"Imidacloprid","Cyfluthrin",0.2163,"1.61e-01",1134,79,0.3294,"2.50e-02"
"Imidacloprid","Cyhalothrinlambda",0.2499,"9.07e-02",1269,80,0.3796,"6.44e-03"
"Imidacloprid","Diazinon",0.1503,"3.19e-01",1213,80,0.2398,"9.33e-02"
"Imidacloprid","Esfenvalerate",0.1312,"4.08e-01",1282,80,0.3513,"1.11e-02"
"Imidacloprid","Glyphosate",0.1749,"2.17e-01",1325,80,0.3674,"6.52e-03"
"Imidacloprid","Metolachlor",0.3358,"4.19e-02",974,80,0.4752,"2.89e-03"
"Imidacloprid","Nicosulfuron",0.2959,"5.98e-02",1029,78,0.4348,"5.61e-03"
"Imidacloprid","Pendimethalin",0.323,"1.87e-02",1319,80,0.371,"6.11e-03"
"Imidacloprid","Picloram",0.3423,"2.65e-02",1119,70,0.4086,"7.29e-03"
"Imidacloprid","Propargite",0.2672,"1.23e-01",730,73,0.042,"7.99e-01"
"Imidacloprid","Sethoxydim",0.3189,"2.66e-02",1217,80,0.3713,"9.78e-03"
"Imidacloprid","Simazine",0.3051,"4.50e-02",1072,80,0.45,"2.50e-03"
"Imidacloprid","Terbufos",0.3535,"4.50e-02",921,77,0.4458,"1.09e-02"
"Imidacloprid","Dimethenamid",0.2574,"1.22e-01",1001,77,0.3848,"1.90e-02"
"Imidacloprid","Fenbuconazole",-0.0963,"5.98e-01",397,28,0.0535,"7.64e-01"
"Imidacloprid","Acetochlor",0.3811,"1.93e-02",1005,77,0.5136,"1.38e-03"
"Imidacloprid","Rimsulfuron",0.2882,"7.19e-02",1036,79,0.4232,"6.58e-03"
"Imidacloprid","Glufosinate",0.2185,"2.39e-01",913,78,0.4565,"9.04e-03"
"Imidacloprid","Tebupirimphos",0.4197,"8.54e-02",643,57,0.5741,"1.69e-02"
"Imidacloprid","Diflufenzopyr",0.3882,"3.13e-02",839,76,0.5039,"3.93e-03"
"Imidacloprid","Flumioxazin",-0.1972,"4.99e-01",472,71,0.4164,"8.92e-02"
"Rimsulfuron","Alachlor",0.2165,"2.49e-01",1327,86,0.3452,"1.20e-02"
"Rimsulfuron","Atrazine",-0.0152,"9.44e-01",1378,87,0.3317,"1.21e-02"
"Rimsulfuron","Carbaryl",0.2473,"9.04e-02",1388,87,0.3305,"1.21e-02"
"Rimsulfuron","Chlorothalonil",0.2884,"3.34e-02",1336,87,0.3465,"1.05e-02"
"Rimsulfuron","Clopyralid",0.2937,"1.23e-01",1377,87,0.3336,"1.17e-02"
"Rimsulfuron","Cyfluthrin",0.1835,"3.26e-01",1286,87,0.3146,"2.21e-02"
"Rimsulfuron","Cyhalothrinlambda",0.1984,"2.31e-01",1387,87,0.33,"1.23e-02"
"Rimsulfuron","Diazinon",0.2688,"7.07e-02",1110,87,0.312,"3.28e-02"
"Rimsulfuron","Esfenvalerate",0.0735,"6.51e-01",1363,87,0.3072,"2.27e-02"
"Rimsulfuron","Glyphosate",-0.0585,"7.97e-01",1388,87,0.3305,"1.21e-02"
"Rimsulfuron","Metolachlor",0.3219,"1.25e-01",1155,87,0.4392,"3.23e-03"
"Rimsulfuron","Nicosulfuron",0.0314,"9.09e-01",1269,87,0.3916,"6.63e-03"
"Rimsulfuron","Pendimethalin",0.3242,"6.89e-02",1387,87,0.3305,"1.21e-02"
"Rimsulfuron","Picloram",0.3331,"2.31e-02",1248,79,0.3878,"7.16e-03"
"Rimsulfuron","Propargite",0.1667,"4.30e-01",545,72,0.1541,"4.70e-01"
"Rimsulfuron","Sethoxydim",0.2995,"5.90e-02",1328,87,0.2975,"2.98e-02"
"Rimsulfuron","Simazine",0.1641,"3.78e-01",1245,86,0.3902,"9.19e-03"
"Rimsulfuron","Terbufos",0.2441,"2.19e-01",1154,86,0.3337,"3.62e-02"
"Rimsulfuron","Dimethenamid",0.0437,"8.54e-01",1207,86,0.376,"1.25e-02"
"Rimsulfuron","Fenbuconazole",0.0096,"9.61e-01",287,22,0.0544,"7.91e-01"
"Rimsulfuron","Acetochlor",0.1702,"4.99e-01",1216,86,0.4426,"3.46e-03"
"Rimsulfuron","Imidacloprid",0.2631,"8.88e-02",1170,87,0.274,"5.55e-02"
"Rimsulfuron","Glufosinate",-0.0053,"9.83e-01",1156,85,0.351,"2.15e-02"
"Rimsulfuron","Tebupirimphos",0.0583,"8.55e-01",950,69,0.4984,"1.23e-02"
"Rimsulfuron","Diflufenzopyr",0.1774,"5.02e-01",1047,87,0.4094,"1.10e-02"
"Rimsulfuron","Flumioxazin",-0.4339,"2.68e-01",691,80,0.1983,"4.28e-01"
"Glufosinate","Alachlor",0.2678,"1.24e-01",1174,80,0.3475,"2.74e-03"
"Glufosinate","Atrazine",0.2304,"2.32e-01",1195,80,0.3286,"3.51e-03"
"Glufosinate","Carbaryl",0.3568,"4.96e-03",1193,80,0.3217,"4.34e-03"
"Glufosinate","Chlorothalonil",0.3167,"6.05e-03",1143,80,0.3217,"5.39e-03"
"Glufosinate","Clopyralid",0.3212,"5.91e-02",1173,80,0.3308,"4.04e-03"
"Glufosinate","Cyfluthrin",0.2867,"9.40e-02",1148,80,0.299,"1.21e-02"
"Glufosinate","Cyhalothrinlambda",0.2756,"8.85e-02",1178,80,0.3162,"5.97e-03"
"Glufosinate","Diazinon",0.3521,"8.77e-03",899,80,0.3698,"5.41e-03"
"Glufosinate","Esfenvalerate",0.2437,"1.03e-01",1182,80,0.3168,"5.66e-03"
"Glufosinate","Glyphosate",0.1742,"4.28e-01",1195,80,0.3286,"3.51e-03"
"Glufosinate","Metolachlor",0.3698,"5.14e-02",1008,80,0.4076,"2.78e-03"
"Glufosinate","Nicosulfuron",0.1471,"4.43e-01",1096,79,0.3603,"4.69e-03"
"Glufosinate","Pendimethalin",0.3398,"3.79e-02",1195,80,0.3286,"3.51e-03"
"Glufosinate","Picloram",0.3711,"5.40e-03",1051,72,0.3716,"3.31e-03"
"Glufosinate","Propargite",0.1853,"3.52e-01",319,64,0.0827,"6.92e-01"
"Glufosinate","Sethoxydim",0.2595,"6.81e-02",1168,80,0.3239,"4.61e-03"
"Glufosinate","Simazine",0.2416,"1.48e-01",1106,76,0.2788,"2.21e-02"
"Glufosinate","Terbufos",0.2989,"1.06e-01",1048,80,0.3346,"1.40e-02"
"Glufosinate","Dimethenamid",0.3117,"1.28e-01",1084,80,0.3621,"4.80e-03"
"Glufosinate","Fenbuconazole",0.0833,"5.89e-01",334,28,0.1231,"4.35e-01"
"Glufosinate","Acetochlor",0.3084,"1.73e-01",1064,79,0.3533,"9.13e-03"
"Glufosinate","Imidacloprid",0.3708,"6.23e-03",991,80,0.2858,"1.67e-02"
"Glufosinate","Rimsulfuron",0.1675,"4.14e-01",1129,80,0.32,"9.59e-03"
"Glufosinate","Tebupirimphos",0.3317,"1.96e-01",879,60,0.4912,"8.90e-03"
"Glufosinate","Diflufenzopyr",0.3094,"1.47e-01",919,78,0.3735,"9.98e-03"
"Glufosinate","Flumioxazin",0.0077,"9.81e-01",677,79,0.3537,"5.76e-02"
"Tebupirimphos","Alachlor",0.5855,"9.00e-02",878,55,0.6386,"7.30e-03"
"Tebupirimphos","Atrazine",0.5647,"1.56e-01",878,55,0.6386,"7.30e-03"
"Tebupirimphos","Carbaryl",0.627,"1.19e-02",876,55,0.6278,"9.09e-03"
"Tebupirimphos","Chlorothalonil",0.5644,"2.69e-02",829,55,0.6087,"1.35e-02"
"Tebupirimphos","Clopyralid",0.5985,"4.16e-02",878,55,0.6386,"7.30e-03"
"Tebupirimphos","Cyfluthrin",0.4512,"1.98e-01",878,55,0.6386,"7.30e-03"
"Tebupirimphos","Cyhalothrinlambda",0.5716,"5.57e-02",878,55,0.6386,"7.30e-03"
"Tebupirimphos","Diazinon",0.6224,"4.86e-02",603,55,0.7402,"1.39e-02"
"Tebupirimphos","Esfenvalerate",0.5401,"5.66e-02",867,55,0.6487,"1.11e-02"
"Tebupirimphos","Glyphosate",0.3816,"3.17e-01",878,55,0.6386,"7.30e-03"
"Tebupirimphos","Metolachlor",0.8763,"7.94e-03",832,55,0.7057,"3.90e-03"
"Tebupirimphos","Nicosulfuron",0.476,"2.65e-01",869,55,0.6695,"8.62e-03"
"Tebupirimphos","Pendimethalin",1.0104,"1.12e-03",878,55,0.6386,"7.30e-03"
"Tebupirimphos","Picloram",0.6371,"7.59e-03",878,55,0.6386,"7.30e-03"
"Tebupirimphos","Propargite",0.363,"3.69e-01",163,47,0.1558,"5.90e-01"
"Tebupirimphos","Sethoxydim",0.7206,"9.59e-03",870,55,0.6473,"6.72e-03"
"Tebupirimphos","Simazine",0.6437,"9.01e-02",806,55,0.5493,"1.12e-01"
"Tebupirimphos","Terbufos",0.7601,"1.61e-02",863,55,0.5656,"2.09e-02"
"Tebupirimphos","Dimethenamid",0.5212,"1.61e-01",878,55,0.6386,"7.30e-03"
"Tebupirimphos","Fenbuconazole",-0.1787,"5.86e-01",83,6,-0.1618,"6.23e-01"
"Tebupirimphos","Acetochlor",0.6651,"1.44e-01",878,55,0.6386,"7.30e-03"
"Tebupirimphos","Imidacloprid",0.7554,"4.73e-03",683,55,0.6811,"8.99e-03"
"Tebupirimphos","Rimsulfuron",0.4675,"2.52e-01",862,55,0.6376,"1.89e-02"
"Tebupirimphos","Glufosinate",0.3771,"2.52e-01",872,55,0.6447,"8.25e-03"
"Tebupirimphos","Diflufenzopyr",0.8546,"5.08e-02",719,55,0.743,"6.79e-03"
"Tebupirimphos","Flumioxazin",0.397,"3.50e-01",589,55,0.8193,"1.73e-02"
"Diflufenzopyr","Alachlor",0.4504,"9.33e-02",1035,84,0.6177,"1.24e-03"
"Diflufenzopyr","Atrazine",0.0995,"7.39e-01",1084,84,0.5711,"1.66e-03"
"Diflufenzopyr","Carbaryl",0.4928,"1.49e-02",1082,84,0.5608,"2.13e-03"
"Diflufenzopyr","Chlorothalonil",0.5192,"6.33e-03",1039,84,0.5927,"1.55e-03"
"Diflufenzopyr","Clopyralid",0.4568,"5.58e-02",1083,84,0.5715,"1.66e-03"
"Diflufenzopyr","Cyfluthrin",0.3602,"1.31e-01",1064,84,0.566,"2.03e-03"
"Diflufenzopyr","Cyhalothrinlambda",0.4707,"3.53e-02",1083,84,0.5715,"1.65e-03"
"Diflufenzopyr","Diazinon",0.5723,"7.84e-03",857,84,0.6378,"2.49e-03"
"Diflufenzopyr","Esfenvalerate",0.3078,"1.81e-01",1048,84,0.5178,"6.90e-03"
"Diflufenzopyr","Glyphosate",0.2235,"4.65e-01",1084,84,0.5711,"1.66e-03"
"Diflufenzopyr","Metolachlor",0.6884,"2.86e-02",885,84,0.6739,"9.48e-04"
"Diflufenzopyr","Nicosulfuron",0.1535,"6.72e-01",958,84,0.6453,"2.47e-03"
"Diflufenzopyr","Pendimethalin",0.4449,"6.87e-02",1084,84,0.5711,"1.66e-03"
"Diflufenzopyr","Picloram",0.6289,"1.64e-03",985,77,0.6599,"7.48e-04"
"Diflufenzopyr","Propargite",0.0838,"6.84e-01",324,28,-0.1215,"4.89e-01"
"Diflufenzopyr","Sethoxydim",0.517,"1.75e-02",1008,84,0.6136,"1.48e-03"
"Diflufenzopyr","Simazine",0.5146,"6.44e-02",927,80,0.6634,"2.78e-03"
"Diflufenzopyr","Terbufos",0.4651,"1.02e-01",896,84,0.7107,"1.02e-03"
"Diflufenzopyr","Dimethenamid",0.3298,"3.31e-01",911,84,0.6911,"1.29e-03"
"Diflufenzopyr","Fenbuconazole",-0.0183,"9.50e-01",193,18,-0.0282,"9.27e-01"
"Diflufenzopyr","Acetochlor",0.3726,"2.62e-01",962,84,0.6506,"1.35e-03"
"Diflufenzopyr","Imidacloprid",0.5539,"4.74e-03",974,84,0.5432,"3.03e-03"
"Diflufenzopyr","Rimsulfuron",0.1369,"6.67e-01",1036,84,0.6249,"1.39e-03"
"Diflufenzopyr","Glufosinate",0.1947,"5.25e-01",946,82,0.6403,"3.09e-03"
"Diflufenzopyr","Tebupirimphos",0.1961,"6.45e-01",815,71,0.8039,"8.16e-04"
"Diflufenzopyr","Flumioxazin",0.2385,"5.73e-01",660,76,0.6958,"3.41e-02"
"Flumioxazin","Alachlor",1.2598,"1.95e-02",579,51,1.2324,"1.99e-02"
"Flumioxazin","Atrazine",1.2853,"4.23e-02",579,51,1.2324,"1.99e-02"
"Flumioxazin","Carbaryl",1.1403,"3.50e-02",579,51,1.2324,"1.99e-02"
"Flumioxazin","Chlorothalonil",1.2701,"2.09e-02",546,51,1.3536,"1.28e-02"
"Flumioxazin","Clopyralid",1.2561,"2.02e-02",579,51,1.2324,"1.99e-02"
"Flumioxazin","Cyfluthrin",1.1292,"3.94e-02",579,51,1.2324,"1.99e-02"
"Flumioxazin","Cyhalothrinlambda",1.2144,"2.92e-02",579,51,1.2324,"1.99e-02"
"Flumioxazin","Diazinon",0.9257,"1.26e-01",403,51,0.9293,"1.23e-01"
"Flumioxazin","Esfenvalerate",1.2484,"2.02e-02",578,51,1.2227,"2.11e-02"
"Flumioxazin","Glyphosate",1.3898,"3.29e-02",579,51,1.2324,"1.99e-02"
"Flumioxazin","Metolachlor",1.4021,"1.43e-02",532,51,1.2295,"2.65e-02"
"Flumioxazin","Nicosulfuron",1.0621,"5.84e-02",578,51,1.2269,"2.11e-02"
"Flumioxazin","Pendimethalin",1.5082,"4.44e-03",579,51,1.2324,"1.99e-02"
"Flumioxazin","Picloram",1.2545,"1.82e-02",579,51,1.2324,"1.99e-02"
"Flumioxazin","Sethoxydim",1.2646,"1.72e-02",572,51,1.2038,"2.32e-02"
"Flumioxazin","Simazine",1.4476,"2.54e-02",564,50,1.4332,"2.60e-02"
"Flumioxazin","Terbufos",1.0869,"5.18e-02",571,51,1.0466,"5.70e-02"
"Flumioxazin","Dimethenamid",1.3887,"1.52e-02",579,51,1.2324,"1.99e-02"
"Flumioxazin","Acetochlor",1.2052,"4.98e-02",579,51,1.2324,"1.99e-02"
"Flumioxazin","Imidacloprid",1.4606,"8.79e-03",512,51,1.4127,"1.16e-02"
"Flumioxazin","Rimsulfuron",1.2202,"3.04e-02",579,51,1.2324,"1.99e-02"
"Flumioxazin","Glufosinate",1.0581,"6.60e-02",579,51,1.2324,"1.99e-02"
"Flumioxazin","Tebupirimphos",1.0801,"5.04e-02",577,51,1.2404,"2.00e-02"
"Flumioxazin","Diflufenzopyr",1.1785,"2.85e-02",579,51,1.2324,"1.99e-02"
